# file opened: .//rom_a.asm
   1  0000              ; ****************************************************************************
   2  0000              ; * Assembly File Listing to generate 4K "ROM A" for Galaksija microcomputer *
   3  0000              ; ****************************************************************************
   4  0000
   5  0000              ; Introduction
   6  0000              ; ************
   7  0000
   8  0000              ; Disassembled from a binary ROM image and annotated by
   9  0000              ; Tomaz Solc (tomaz.solc@tablix.org)
  10  0000              ; using z80dasm (http://www.tablix.org/~avian/blog/articles/z80dasm)
  11  0000              ; between September 2006 and September 2007
  12  0000
  13  0000              ; The original assembly listing, complete with its lack of useful comments
  14  0000              ; is available at:
  15  0000
  16  0000              ; http://www.galaksija.org/hr/index.php?title=Disasemblirani_ROM_A
  17  0000
  18  0000              ; (Titled "MALI RACUNAR GALAKSIJA" by Voja Antonic 03.01.1984)
  19  0000
  20  0000              ; $Id: rom1.asm,v 1.26 2007-09-23 12:06:17 avian Exp $
  21  0000
  22  0000              ; "ROM A" contains basic operating system of Galaksija, which can be roughly
  23  0000              ; separated into following sections:
  24  0000
  25  0000              ;	o Initialization routines,
  26  0000              ;	o video driver,
  27  0000              ;	o keyboard scanning and simple terminal emulation,
  28  0000              ;	o BASIC interpreter,
  29  0000              ;	o RPN FP calculator and
  30  0000              ;	o audio cassette load/save routines.
  31  0000
  32  0000              ; This ROM is a work of art when you consider how tighly optimized for size
  33  0000              ; it is and a nightmare if you wish to completely understand or even modify
  34  0000              ; anything in it.
  35  0000
  36  0000              ; This disassembly is a work in progress. Sections of the code remain
  37  0000              ; uncommented, however this file should assemble into a binary that is
  38  0000              ; identical to the original ROM image.
  39  0000
  40  0000              ; Any contributions (for example additional comments on the code, patches,
  41  0000              ; etc.) are most welcome at tomaz.solc@tablix.org.
  42  0000
  43  0000
  44  0000              ; Code sightseeing
  45  0000              ; ****************
  46  0000
  47  0000              ; A must-see list of 10 most-interesting parts of code:
  48  0000
  49  0000              ; l0098h	Part of video driver code used as ASCII string for
  50  0000              ;		BASIC interpreter.
  51  0000
  52  0000              ; l00a0h	Part of video driver code used a 1.0 floating point
  53  0000              ;		constant.
  54  0000
  55  0000              ; l0038h	Video driver code as a whole, tuned to one T cycle accuracy.
  56  0000
  57  0000              ; l038ch	A tutorial on how to use "ld" instructions instead of "jr"
  58  0000              ; l0393h	and save a few bytes in the process.
  59  0000              ; l0396h
  60  0000
  61  0000              ; l0018h	A function that gets its arguments from bytes in ROM that
  62  0000              ;		follow its call.
  63  0000
  64  0000              ; l0d2ah	Increasing randomness of pseudo-random generator by changing
  65  0000              ;		the seed after some keys are pressed.
  66  0000
  67  0000              ; l0d70h	One look-up table nested inside unused space of another.
  68  0000
  69  0000              ; l06cfh	DOT - a true multi-purpose function: query, set or reset a
  70  0000              ;		pseudo-graphic pixel or turn real time clock on or off
  71  0000              ;		all in one block of code.
  72  0000
  73  0000              ; l0e58h	Record one additional garbage byte at the end of an audio tape
  74  0000              ;		because it saves one "jr" instruction in ROM.
  75  0000
  76  0000              ; l0fffh	One spare byte for future expansions.
  77  0000
  78  0000
  79  0000              ; About the latch
  80  0000              ; ***************
  81  0000
  82  0000              ; A 6-bit register (called "latch" in the original documentation) can be
  83  0000              ; accessed on all memory addresses that can be written in binary as
  84  0000
  85  0000              ; 0 0 1 0  0 x x x  x x 1 1  1 x x x
  86  0000              ; (for example 207fh as used in VIDEO_INT)
  87  0000
  88  0000              ; The content is write-only. A read from these addresses will return an
  89  0000              ; unspecified value.
  90  0000
  91  0000              ; Individual bits have the following meaning:
  92  0000              ;
  93  0000              ;  7	Clamp RAM A7 to one (1 disabled, 0 enabled)
  94  0000              ;  ---
  95  0000              ;  6    Cassette port output bit 0
  96  0000              ;  ---
  97  0000              ;  5    Character generator row bit 3
  98  0000              ;  ---
  99  0000              ;  4	Character generator row bit 2
 100  0000              ;  ---
 101  0000              ;  3	Character generator row bit 1
 102  0000              ;  ---
 103  0000              ;  2	Character generator row bit 0
 104  0000              ;	Cassette port output bit 1
 105  0000              ;  ---
 106  0000              ;  1	Unused
 107  0000              ;  ---
 108  0000              ;  0	Unused
 109  0000
 110  0000              ;  Character generator row bits hold the current row of the character being
 111  0000              ;  drawn to the screen.
 112  0000
 113  0000              ;  Cassette port is high if both output bits are 1, low if both are 0 and
 114  0000              ;  zero if one bit is 1 and one is 0.
 115  0000
 116  0000              ;  Bit 7 forces RAM address line A7 to one. This is required because the top
 117  0000              ;  bit of the R register never changes (only bottom 7 bits are incremented
 118  0000              ;  during each opcode).
 119  0000
 120  0000
 121  0000              ; issalig 25/02/2025
 122  0000              ; These definitions allow to select different versions of the ROM
 123  0000              ; can be overwritten externally with sjasmplus -DROM_A_VERSION=29 -DROM_B_AUTOSTART=1 rom_a.asm
 124  0000
 125  0000              	IFNDEF ROM_A_VERSION
 126  0000 ~            	DEFINE ROM_A_VERSION 28		; 28 for no autostart, 29 for autostart
 127  0000              	ENDIF
 128  0000
 129  0000              	IFNDEF ROM_B_AUTOSTART
 130  0000 ~            	DEFINE ROM_B_AUTOSTART 0	; 0 = no autostart, 1 = autostart
 131  0000              	ENDIF
 132  0000
 133  0000              ; ROM A is mapped to memory addresses from 0000h to 0fffh
 134  0000
 135  0000              	org	00000h
 136  0000
 137  0000
 138  0000              ; 'START'
 139  0000              ; =======
 140  0000              ; At power on Z80 starts to execute code here. Interrupt mode is set to 0.
 141  0000
 142  0000              ;; START
 143  0000              l0000h:
 144  0000 F3           	di		;0000   Disable interrupts
 145  0001 97           	sub a		;0001	Clear accumulator
 146  0002 C3 DA 03     	jp l03dah	;0002	Jump forward to START_2, the remainder of
 147  0005              			;	the initialization code.
 148  0005
 149  0005              ; 'EVALUATE NEXT INTEGER ARGUMENT'
 150  0005              ; ================================
 151  0005              ; Evaluate an integer expression at DE behind a ASCII comma. If comma is not
 152  0005              ; found, jump to WHAT_RST.
 153  0005
 154  0005              ;; EVAL_INT_EXP_NEXT
 155  0005              l0005h:
 156  0005 DF           	rst 18h		;0005	Call READ_PAR
 157  0006 2C           	db ','		;0006
 158  0007 2C           	db l0034h-$-1	;0007	Jump to WHAT_RST if there is no next argument
 159  0008              			;	at DE.
 160  0008
 161  0008              ; 'EVALUATE INTEGER EXPRESSION'
 162  0008              ; =============================
 163  0008              ; Evaluate an integer expression at DE and return the result in HL.
 164  0008
 165  0008              ;; EVAL_INT_EXP
 166  0008              l0008h:
 167  0008 CD B2 0A     	call l0ab2h	;0008	Call EVAL_EXPRESSION
 168  000B C3 6D 0A     	jp l0a6dh	;000b	Jump to FP_TO_INT and return.
 169  000E
 170  000E              ; 'FAST MODE'
 171  000E              ; ===========
 172  000E              ; Disable video interrupt.
 173  000E
 174  000E              ;; FAST
 175  000E              l000eh:
 176  000E F3           	di		;000e
 177  000F C9           	ret		;000f
 178  0010
 179  0010              ; 'COMPARE HL WITH DE'
 180  0010              ; ====================
 181  0010              ; This function compares HL with DE register pair and sets C and Z flags
 182  0010              ; accordingly
 183  0010
 184  0010              ; Parameters:
 185  0010              ;	DE, HL: values to be compared
 186  0010              ; Returns:
 187  0010              ;	C, Z flag
 188  0010              ; Destroys:
 189  0010              ;	A, all other flags
 190  0010
 191  0010              ;; CMP_HL_DE
 192  0010              l0010h:
 193  0010 7C           	ld a,h		;0010	Load H into A
 194  0011 BA           	cp d		;0011	Compare with D
 195  0012 C0           	ret nz		;0012	Return if not equal
 196  0013 7D           	ld a,l		;0013	Load L into A
 197  0014 BB           	cp e		;0014	Compare with E
 198  0015 C9           	ret		;0015	Return
 199  0016
 200  0016              ; 'SLOW MODE'
 201  0016              ; ===========
 202  0016              ; Enable video interrupt.
 203  0016
 204  0016              ;; SLOW
 205  0016              l0016h:
 206  0016 FB           	ei		;0016
 207  0017 C9           	ret		;0017
 208  0018
 209  0018              ; 'READ PARAMETER'
 210  0018              ; ================
 211  0018              ; This function reads the byte following the calling "rst" instruction and
 212  0018              ; returns to a different location (specified with the second following byte)
 213  0018              ; if the byte doesn't match the first non-space character in the string pointed
 214  0018              ; to by DE register.
 215  0018
 216  0018              ; Example:
 217  0018              ;	rst 18h		; 0005
 218  0018              ;	db ','		; 0006
 219  0018              ;	db 02ch		; 0007
 220  0018              ;       ...		; 0008
 221  0018
 222  0018              ; This compares the first non-space character in DE with ASCII comma ','
 223  0018              ; ignoring any leading space. If it matches, READ PARAMETER returns to the next
 224  0018              ; instruction following the two bytes (at 0008h). If not, it adds 02ch to this
 225  0018              ; return address (in this case it would return to 0034h). In the first case
 226  0018              ; DE is also incremented to account for the matched byte.
 227  0018
 228  0018              ; In pseudo-code:
 229  0018              ;
 230  0018              ; If (**SP) == (EAT_SPACE(DE)) Then
 231  0018              ;	*SP=*SP+2
 232  0018              ; 	DE=DE+1
 233  0018              ; Else
 234  0018              ;	*SP=*SP+2+(*(*SP+1))
 235  0018              ; End
 236  0018
 237  0018              ; Parameters:
 238  0018              ;	DE: Pointer a string.
 239  0018              ; Returns:
 240  0018              ;	DE: Skips leading space and increments DE, if there is a match.
 241  0018              ;	A: First non-space character in DE.
 242  0018              ;	Zf: Set if character matches, reset if not.
 243  0018              ; Destroys:
 244  0018              ;	flags.
 245  0018
 246  0018              ;; READ_PAR
 247  0018              l0018h:
 248  0018 E3           	ex (sp),hl	;0018	Load a pointer from top of stack into HL
 249  0019
 250  0019 CD 05 01     	call l0105h	;0019	Call EAT_SPACE
 251  001C
 252  001C BE           	cp (hl)		;001c	Compare memory pointed by HL with A
 253  001D C3 94 01     	jp l0194h	;001d	Jump to the rest of the function at READ_PAR_2
 254  0020
 255  0020              ; 'PUT CHARACTER ON SCREEN'
 256  0020              ; =========================
 257  0020              ; Print a character in A to the screen at the current cursor position
 258  0020              ; (CURSOR_POS)
 259  0020
 260  0020              ; Parameters:
 261  0020              ;	A: Character to print
 262  0020              ; Returns:
 263  0020              ;	HL': Position of the printed character + 1
 264  0020              ; Destroys:
 265  0020              ;	flags
 266  0020
 267  0020              ;; PUTCH_RST
 268  0020              l0020h:
 269  0020 D9           	exx		;0020	Save BC, DE and HL registers
 270  0021
 271  0021 FE 20        	cp 020h		;0021	Set C flag if character is ASCII special.
 272  0023              			;	(ASCII code less than 20h)
 273  0023
 274  0023 CD B5 09     	call l09b5h	;0023	Jump to remainder of function.
 275  0026 D9           	exx		;0026	Restore BC, DE and HL registers.
 276  0027 C9           	ret		;0027	Return
 277  0028
 278  0028              ; 'CLEAR HL'
 279  0028              ; ==========
 280  0028              ; Loads 0000h into HL
 281  0028
 282  0028              ;; CLEAR_HL
 283  0028              l0028h:
 284  0028 21 00 00     	ld hl,l0000h	;0028	Load 0000h into HL
 285  002B C9           	ret		;002b	Return
 286  002C
 287  002C
 288  002C              ; 'ONE OVER TEN FLOATING POINT CONSTANT'
 289  002C              ; ======================================
 290  002C              ; Approximately 0.1 in four-byte floating point format.
 291  002C
 292  002C              ;; FP_ONE_OVER_TEN
 293  002C              l002ch:
 294  002C CC           	db	0cch	;002c	Mantissa: cccccch
 295  002D CC           	db	0cch	;002d
 296  002E CC           	db 	0cch	;002e	Sign: 00h
 297  002F 7E           	db	07eh	;002f   Exponent: fdh
 298  0030
 299  0030              ; 'NEXT BASIC STATEMENT'
 300  0030              ; ======================
 301  0030              ; Continue execution of the next BASIC statement. BASIC commands call this
 302  0030              ; function at the end. It never returns.
 303  0030
 304  0030              ;; BASIC_NEXT
 305  0030              l0030h:
 306  0030 F1           	pop af		;0030	Remove return address from stack
 307  0031 CD 14 04     	call l0414h	;0031	Call CONTINUE
 308  0034
 309  0034              l0034h:
 310  0034 C3 8F 07     	jp l078fh	;0034	Jump to WHAT_RST if CONTINUE found no
 311  0037              			;	valid next command.
 312  0037
 313  0037              ; 'ROM A VERSION'
 314  0037              ; ===============
 315  0037
 316  0037              ;; ROM_VERSION
 317  0037 1D           	db	29 ;28	;0037
 318  0038
 319  0038              ; 'VIDEO INTERRUPT DRIVER'
 320  0038              ; ========================
 321  0038              ; This routine gets called 50 times per second via the Z80's maskable
 322  0038              ; interrupt.
 323  0038
 324  0038              ; Interrupt gets triggered on the vertical sync impulse. Video synchronization
 325  0038              ; hardware then makes sure (by inserting WAIT states) that the first opcode
 326  0038              ; starts to execute exactly in sync with the next horizontal sync.
 327  0038
 328  0038              ; Timing is very important here! This routine must execute in perfect sync
 329  0038              ; with the video hardware.
 330  0038
 331  0038              ; The routine must make sure that the R and I registers are properly set at
 332  0038              ; exactly the right time so that the Z80's memory refresh feature can start
 333  0038              ; reading video line data from video RAM. It also must latch the correct video
 334  0038              ; line number into the register connected to the character generator ROM and
 335  0038              ; adjust the RAM memory map if needed (A7 line).
 336  0038
 337  0038              ; The address of a character on screen:
 338  0038              ;
 339  0038              ;					A7 from latch
 340  0038              ;                                       |
 341  0038              ;                    <-- I register |   | | R register -->
 342  0038              ;              ||                   ||  v |              ||
 343  0038              ; Address bits || 11 | 10 |  9 |  8 ||  7 |  6 |  5 |  4 ||  3 |  2 |  1 |  0
 344  0038              ;              ||              |    ||              |    ||
 345  0038              ;                              |                    |
 346  0038              ;     <-- Base address (2800h) |  Row (4 bits)      | Column (5 bits)
 347  0038
 348  0038              ;; VIDEO_INT			T states
 349  0038              l0038h:
 350  0038 F5           	push af		;0038	11	Save all used registers on the stack.
 351  0039 C5           	push bc		;0039	11
 352  003A D5           	push de		;003a	11
 353  003B E5           	push hl		;003b	11
 354  003C
 355  003C 21 B0 2B     	ld hl,02bb0h	;003c	10	Load SCROLL_CNT address to HL
 356  003F 3E C0        	ld a,0c0h	;003f	7	Load A with 192
 357  0041 96           	sub (hl)	;0041	7
 358  0042 96           	sub (hl)	;0042	7
 359  0043 96           	sub (hl)	;0043	7	Subtract 3 * SCROLL_CNT from A
 360  0044 5F           	ld e,a		;0044 	4	Load result into E
 361  0045
 362  0045 7E           	ld a,(hl)	;0045	7	Load A with value from SCROLL_CNT
 363  0046 0F           	rrca		;0046	4	Rotate right A three times
 364  0047 0F           	rrca		;0047	4
 365  0048 0F           	rrca		;0048	4
 366  0049 47           	ld b,a		;0049	4 	Load result into B
 367  004A
 368  004A B7           	or a		;004a	4 	set Z flag if A = 0
 369  004B              			;		reset C flag
 370  004B              			;	-----
 371  004B              			;       113
 372  004B
 373  004B              ; The following code is a pause with length (24 + B * 18) T states.
 374  004B              ; This determines the vertical position of the screen.
 375  004B
 376  004B 28 00        	jr z,l004dh	;004b	12/7	Wait 5 T states if Z set...
 377  004D              l004dh:
 378  004D 28 05        	jr z,l0054h	;004d	12/7	and jump forward
 379  004F 35           	dec (hl)	;004f	11	... else decrement SCROLL_CNT
 380  0050 AF           	xor a		;0050	4	    clear A (reset C flag)
 381  0051              l0051h:
 382  0051 D8           	ret c		;0051	5	    wait 5 T states
 383  0052              			;		    (C flag always reset)
 384  0052 10 FD        	djnz l0051h	;0052	13/8        ... loop B times
 385  0054
 386  0054
 387  0054              l0054h:
 388  0054 23           	inc hl		;0054	6	Load SCROLL_FLAG address to HL
 389  0055 77           	ld (hl),a	;0055	13	Set SCROLL_FLAG = 0
 390  0056
 391  0056 43           	ld b,e		;0056	4	Set B = 192 - 3 * SCROLL_CNT
 392  0057 21 7F 20     	ld hl,0207fh	;0057	10	Load latch address to HL
 393  005A 4D           	ld c,l		;005a	4	Load C with 7fh
 394  005B
 395  005B 3A A8 2B     	ld a,(02ba8h)	;005b	13	Load A with HORIZ_POS
 396  005E 1F           	rra		;005e	4 	Divide A with 2 (C flag always reset)
 397  005F              			;		load bit 0 into C flag.
 398  005F              			;	----
 399  005F              			;	54
 400  005F
 401  005F              ; B holds the total number of scanlines to be drawn.
 402  005F
 403  005F              ; C holds the current line number
 404  005F
 405  005F              ; During one iteration of VIDEO_DISPLAY_LOOP one line of characters is drawn.
 406  005F
 407  005F              ; Here is another pause with length (2 + 5 * Cf + 16 * A) T states.
 408  005F              ; This determines the horizontal position of the screen.
 409  005F              ; Note: HORIZ_POS must be >= 2.
 410  005F
 411  005F              ; On later iterations of VIDEO_DISPLAY_LOOP A is always set to 3, this means
 412  005F              ; a constant pause of 43 T states
 413  005F
 414  005F 38 00        	jr c,l0061h	;005f	12/7	Wait 5 T if HORIZ_POS odd.
 415  0061
 416  0061              ;; VIDEO_DISPLAY_LOOP
 417  0061              l0061h:
 418  0061 3D           	dec a		;0061	4	Decrement A
 419  0062 20 FD        	jr nz,l0061h	;0062	12/7	...loop A times
 420  0064
 421  0064 18 07        	jr l006dh	;0064	12	Jump forward
 422  0066
 423  0066              ; 'HARD BREAK'
 424  0066              ; ============
 425  0066              ; On a non-maskable interrupt, Z80 jumps here. This is used as a "hard break"
 426  0066              ; button on Galaksija.
 427  0066
 428  0066              ;; HARD_BREAK
 429  0066 F3           	di		;0066		Disable interrupts.
 430  0067
 431  0067              ; 'RESET BASIC'
 432  0067              ; =============
 433  0067              ; Resets BASIC interpreter.
 434  0067
 435  0067              ;; RESET_BASIC
 436  0067              l0067h:
 437  0067 31 A8 2B     	ld sp,02ba8h	;0067	Load HORIZ_POS address to SP
 438  006A C3 17 03     	jp l0317h	;006a	Jump to the rest at RESET_BASIC_2
 439  006D
 440  006D              ; Continuing VIDEO_DISPLAY_LOOP
 441  006D
 442  006D              l006dh:
 443  006D 0C           	inc c		;006d	4	Increment C
 444  006E
 445  006E 79           	ld a,c		;006e	4	Load A with C
 446  006F E6 08        	and 008h	;006f	7	Set A = A & 08h
 447  0071 0F           	rrca		;0071	4	Rotate A right 3 times
 448  0072 0F           	rrca		;0072	4
 449  0073 0F           	rrca		;0073	4
 450  0074 F6 28        	or 028h		;0074	7 	Set A = A | 28h
 451  0076 ED 47        	ld i,a		;0076	9	Load I with result
 452  0078
 453  0078              			;		I now has the upper 8 bits of the
 454  0078              			;		address for the line that will
 455  0078              			;		be drawn to the sceeen (either 28h
 456  0078              			;		or 29h)
 457  0078
 458  0078 13           	inc de		;0078	6	NOP
 459  0079 11 0C 08     	ld de,0080ch	;0079	10	Load DE with 080ch
 460  007C 79           	ld a,c		;007c	4	Load A with C
 461  007D 0F           	rrca		;007d	4	Rotate A right 3 times
 462  007E 0F           	rrca		;007e	4
 463  007F 0F           	rrca		;007f	4
 464  0080 3F           	ccf		;0080	4	Complement C flag
 465  0081 CB 1A        	rr d		;0081	8	Rotate D right through C flag
 466  0083              			;		D is now 84h or 04h
 467  0083
 468  0083              			;		The MSB determines whether the RAM
 469  0083              			;		address line A7 will be forced to 1
 470  0083
 471  0083 F6 1F        	or 01fh		;0083	7	Set A = A | 1fh
 472  0085 07           	rlca		;0085	4	Rotate left
 473  0086 D6 40        	sub 040h	;0086	7	Subtract 40h
 474  0088 0F           	rrca		;0088	4	Rotate right
 475  0089 ED 4F        	ld r,a		;0089	9	Load R with A
 476  008B
 477  008B              ; E holds the number of scan lines to be drawn for this line of characters.
 478  008B
 479  008B              ; During one iteration of VIDEO_LINE_LOOP one scanline of video is drawn.
 480  008B
 481  008B              ;; VIDEO_LINE_LOOP
 482  008B              l008bh:
 483  008B 72           	ld (hl),d	;008b	7 	Latch value in D to the character
 484  008C              			;		generator register
 485  008C
 486  008C              ; Opcodes are arbitrary, but must all consist of 4 T states (one M state) -
 487  008C              ; 8 pixels are drawn during each opcode.
 488  008C
 489  008C 14           	inc d		;008c	4
 490  008D 14           	inc d		;008d	4
 491  008E 14           	inc d		;008e	4
 492  008F 14           	inc d		;008f	4
 493  0090 AF           	xor a		;0090	4
 494  0091 37           	scf		;0091	4
 495  0092 1F           	rra		;0092	4
 496  0093 1F           	rra		;0093	4
 497  0094 AA           	xor d		;0094	4
 498  0095 57           	ld d,a		;0095	4
 499  0096 61           	ld h,c		;0096	4
 500  0097 78           	ld a,b		;0097	4
 501  0098
 502  0098              ;; BREAK_STRING
 503  0098              l0098h:
 504  0098
 505  0098              ; This part of the line drawing code also serves as a string "BREAK" for the
 506  0098              ; basic interepreter.
 507  0098
 508  0098 42           	ld b,d		;0098	4 	B
 509  0099 52           	ld d,d		;0099	4 	R
 510  009A 45           	ld b,l		;009a	4 	E
 511  009B 41           	ld b,c		;009b	4 	A
 512  009C 4B           	ld c,e		;009c	4 	K
 513  009D 00           	nop		;009d	4 	\0
 514  009E
 515  009E 47           	ld b,a		;009e	4
 516  009F 4C           	ld c,h		;009f	4
 517  00A0
 518  00A0              ; This part of the line drawing code also serves as a constant 1.0 in four-byte
 519  00A0              ; floating point format.
 520  00A0
 521  00A0              ;; FP_ONE
 522  00A0              l00a0h:
 523  00A0 00           	nop		;00a0	4	00h	Mantissa: 800000h
 524  00A1 00           	nop		;00a1	4	00h
 525  00A2 80           	add a,b		;00a2	4	80h	Sign bit: 00h
 526  00A3 00           	nop		;00a3	4	00h	Exponent: 01h
 527  00A4
 528  00A4 AF           	xor a		;00a4	4
 529  00A5 37           	scf		;00a5	4
 530  00A6 1F           	rra		;00a6	4
 531  00A7 1F           	rra		;00a7	4
 532  00A8 1F           	rra		;00a8	4
 533  00A9 67           	ld h,a		;00a9	4
 534  00AA 17           	rla		;00aa	4
 535  00AB
 536  00AB              ; At the end of line drawing:
 537  00AB              ; 	A = 40h
 538  00AB              ;	B remains unmodified
 539  00AB              ;	C remains unmodified
 540  00AB              ;	D = 40h XOR (D + 4)
 541  00AB              ;	E remains unmodified
 542  00AB              ; 	HL remains unmodified (207fh)
 543  00AB
 544  00AB 77           	ld (hl),a	;00ab	10	During the last character we clear
 545  00AC              			;		the register so nothing gets
 546  00AC              			;		drawn outside the screen (character
 547  00AC              			;		generator line 0)
 548  00AC
 549  00AC              ; End of line drawing
 550  00AC
 551  00AC 05           	dec b		;00ac	4	Decrement B
 552  00AD 28 0F        	jr z,l00beh	;00ad	12/7	Break from loop if B is zero.
 553  00AF
 554  00AF ED 5F        	ld a,r		;00af	9	Load A with R
 555  00B1 D6 27        	sub 027h	;00b1	7	Subtract 27h
 556  00B3 A5           	and l		;00b3	4	Clear the top bit (L = 7fh)
 557  00B4              			;		This bit is provided by A7 clamp
 558  00B4 ED 4F        	ld r,a		;00b4	9	Load R with A
 559  00B6
 560  00B6 1D           	dec e		;00b6	4	Decrement E
 561  00B7 C2 8B 00     	jp nz,l008bh	;00b7	12/7	If not zero jump to VIDEO_LINE_LOOP
 562  00BA
 563  00BA 3E 03        	ld a,003h	;00ba	7	Load A with 03h
 564  00BC 18 A3        	jr l0061h	;00bc	12	Jump to VIDEO_DISPLAY_LOOP
 565  00BE
 566  00BE              ; At this point the screen has been drawn. Timing is no longer critical.
 567  00BE              l00beh:
 568  00BE 36 BC        	ld (hl),0bch	;00be	Latch bch into the register
 569  00C0              			;	This disables A7 clamp and sets character
 570  00C0              			;	generator to an empty line 15 so that nothing
 571  00C0              			;	gets drawn outside the screen
 572  00C0
 573  00C0              ; The following code increments the real-time clock in BASIC string $Y.
 574  00C0
 575  00C0              ; The clock only works correctly if Y$ contains one of the following
 576  00C0              ; ASCII combinations:
 577  00C0
 578  00C0              ; Y$ = "HH:MM:SS:PP\0", Y$ = "HH:MM:SS\0PP", Y$ = "HH:MM\0SS:PP"
 579  00C0
 580  00C0              ; Where HH are hours, MM minutes, SS seconds and PP 1/100th of a second
 581  00C0
 582  00C0 3A 82 2A     	ld a,(02a82h)	;00c0	Load memory location 2a82h into A
 583  00C3              			;	This is third character in Y$
 584  00C3 FE 3A        	cp 03ah		;00c3	Compare A with 3ah (ASCII ':')
 585  00C5 20 34        	jr nz,l00fbh	;00c5	Jump to VIDEO_END if not equal
 586  00C7
 587  00C7 3A AF 2B     	ld a,(02bafh)	;00c7 	Load CLOCK_ON into A
 588  00CA 07           	rlca		;00ca	Move MSB into C flag
 589  00CB 30 2E        	jr nc,l00fbh	;00cb	Jump to VIDEO_END if MSB is zero
 590  00CD
 591  00CD              ; Clock is enabled and seems to contain a valid ASCII string.
 592  00CD              ; HL contains pointer to the current character
 593  00CD              ; B contains number of characters left
 594  00CD
 595  00CD 21 8A 2A     	ld hl,02a8ah	;00cd	Load 2a8ah into HL
 596  00D0              			;	This is the last (11th) character in string Y$
 597  00D0 11 30 39     	ld de,03930h	;00d0	Load 3930h into DE
 598  00D3              			;	D = '9' E = '0'
 599  00D3 06 08        	ld b,008h	;00d3	Load 08h into B
 600  00D5 7A           	ld a,d		;00d5	Load 39h into A
 601  00D6              			;	A = '9'
 602  00D6
 603  00D6 34           	inc (hl)	;00d6	Increment last character (1/100th s) two times
 604  00D7 34           	inc (hl)	;00d7 	(this routine is called 50 times per second)
 605  00D8 BE           	cp (hl)		;00d8	Compare last character with '9'
 606  00D9
 607  00D9 18 04        	jr l00dfh	;00d9	Jump forward
 608  00DB
 609  00DB              ; This code propagates change in the 1/100th field to seconds, minutes and
 610  00DB              ; hours
 611  00DB
 612  00DB              l00dbh:
 613  00DB 34           	inc (hl)	;00db	Increment character
 614  00DC BE           	cp (hl)		;00dc	Compare character with A
 615  00DD 3E 35        	ld a,035h	;00dd	Load '5' into A
 616  00DF
 617  00DF              l00dfh:
 618  00DF 30 0A        	jr nc,l00ebh	;00df	If character less or equal to A ('9' or '5')
 619  00E1              			;	then jump forward.
 620  00E1
 621  00E1 73           	ld (hl),e	;00e1	Replace current character with '0'
 622  00E2 2B           	dec hl		;00e2	Move pointer to the next character.
 623  00E3 CB 40        	bit 0,b		;00e3	If B even...
 624  00E5 28 02        	jr z,l00e9h	;00e5	...jump forward
 625  00E7
 626  00E7 2B           	dec hl		;00e7	Else move pointer again (to skip ':' or '\0')
 627  00E8 7A           	ld a,d		;00e8	Load '9' into A
 628  00E9
 629  00E9              l00e9h:
 630  00E9 10 F0        	djnz l00dbh	;00e9	Loop until B equals 0
 631  00EB              l00ebh:
 632  00EB
 633  00EB 05           	dec b		;00eb	Decrement B
 634  00EC 10 0D        	djnz l00fbh	;00ec	Jump to VIDEO_END if B not equal to 0...
 635  00EE              			;	...else hours field was updated and must
 636  00EE              			;	   be checkd for overflow
 637  00EE
 638  00EE 7E           	ld a,(hl)	;00ee	Load the character into A
 639  00EF FE 34        	cp 034h		;00ef	Compare with '4'
 640  00F1 38 08        	jr c,l00fbh	;00f1	If character less or equal to '4' jump to
 641  00F3              			;	VIDEO_END
 642  00F3
 643  00F3 2B           	dec hl		;00f3	Move pointer to the next character
 644  00F4 CB 4E        	bit 1,(hl)	;00f4	Test bit 1 (character equal to '2' or more)
 645  00F6 28 03        	jr z,l00fbh	;00f6	If bit 1 not set jump to VIDEO_END...
 646  00F8
 647  00F8 73           	ld (hl),e	;00f8	Else load '0' in the last two characters
 648  00F9 23           	inc hl		;00f9
 649  00FA 73           	ld (hl),e	;00fa
 650  00FB
 651  00FB              ;; VIDEO_END
 652  00FB              l00fbh:
 653  00FB FD E9        	jp (iy)		;00fb	Jump to video hook (jumps to l00fdh by
 654  00FD              			;	default)
 655  00FD
 656  00FD              l00fdh:
 657  00FD E1           	pop hl		;00fd	Restore all registers from stack
 658  00FE D1           	pop de		;00fe
 659  00FF C1           	pop bc		;00ff
 660  0100 F1           	pop af		;0100
 661  0101
 662  0101 FB           	ei		;0101	Enable interrupts
 663  0102 ED 4D        	reti		;0102	Return from interrupt
 664  0104
 665  0104              ; 'EAT SPACE'
 666  0104              ; ===========
 667  0104              ; Increments DE until it points to a non-ASCII space (20h) character
 668  0104
 669  0104              ; Parameters:
 670  0104              ;	DE: starting position
 671  0104              ; Returns:
 672  0104              ;	A:  first non-space character
 673  0104              ;	DE: address of the character in A
 674  0104              ; Destroys:
 675  0104              ;	flags
 676  0104
 677  0104              l0104h:
 678  0104 13           	inc de		;0104	Increment DE
 679  0105
 680  0105              ;; EAT_SPACE
 681  0105              l0105h:
 682  0105 1A           	ld a,(de)	;0105	Load memory byte pointed by DE into A
 683  0106 FE 20        	cp 020h		;0106	Compare A with ASCII ' '
 684  0108 28 FA        	jr z,l0104h	;0108	Loop if equal...
 685  010A C9           	ret		;010a	...else Return
 686  010B
 687  010B              ; 'ARR$'
 688  010B              ; ======
 689  010B              ;; ARR$ BASIC command
 690  010B
 691  010B              ;; ARR$
 692  010B              l010bh:
 693  010B 23           	inc hl			;010b	23 	#
 694  010C AF           	xor a			;010c	af
 695  010D CD F3 0D     	call l0df3h		;010d	cd f3 0d
 696  0110 22 99 2A     	ld (02a99h),hl		;0110	22 99 2a 	"   *
 697  0113 F7           	rst 30h			;0113	f7
 698  0114              l0114h:
 699  0114 CF           	rst 8			;0114	cf
 700  0115 23           	inc hl			;0115	23 	#
 701  0116 AF           	xor a			;0116	af
 702  0117 CD F3 0D     	call l0df3h		;0117	cd f3 0d
 703  011A D5           	push de			;011a	d5
 704  011B ED 5B 99 2A  	ld de,(02a99h)		;011b	ed 5b 99 2a 	  [   *
 705  011F 13           	inc de			;011f	13
 706  0120 D7           	rst 10h			;0120	d7
 707  0121 30 31        	jr nc,l0154h		;0121	30 31 	0 1
 708  0123 18 21        	jr l0146h		;0123	18 21 	  !
 709  0125
 710  0125              ; 'LOCATE BASIC NUMERIC VARIABLE'
 711  0125              ; ===============================
 712  0125              ; Locates a BASIC variable containing 4-byte floating point number and stores
 713  0125              ; its address in HL.
 714  0125
 715  0125              ; Recognizes ordinary variables from A - Z and A(I) array.
 716  0125
 717  0125              ; Returns:
 718  0125              ;	HL: Location of the variable
 719  0125
 720  0125              ;; LOCATE_VARIABLE
 721  0125              l0125h:
 722  0125 CD 05 01     	call l0105h	;0125	Fetch the next character (call EAT_SPACE)
 723  0128
 724  0128              ; Return with Cf set if character not between 'A' and 'Z'
 725  0128
 726  0128 D6 41        	sub 041h	;0128	Subtract ASCII value 'A'
 727  012A D8           	ret c		;012a	Return if less
 728  012B
 729  012B FE 1A        	cp 01ah		;012b 	Compare character with ASCII value 'Z' + 1
 730  012D 3F           	ccf		;012d
 731  012E D8           	ret c		;012e	Return if greater or equal
 732  012F
 733  012F 13           	inc de		;012f	Move to the next character
 734  0130 A7           	and a		;0130
 735  0131 20 2B        	jr nz,l015eh	;0131	Jump to LOCATE_VARIABLE_BZ if character
 736  0133              			;	is not A
 737  0133
 738  0133 DF           	rst 18h		;0133	Call READ_PAR
 739  0134 28           	db '('		;0134
 740  0135 27           	db l015dh-$-1	;0135	Jump to LOCATE_VARIABLE_A if character A is
 741  0136              			;	not followed by '('
 742  0136
 743  0136              ; A(I) array
 744  0136
 745  0136 CF           	rst 8		;0136 	HL = index (call EVAL_INT_EXP)
 746  0137 23           	inc hl		;0137	Increment index
 747  0138
 748  0138 29           	add hl,hl	;0138	HL = index * 4
 749  0139 29           	add hl,hl	;0139
 750  013A
 751  013A D5           	push de		;013a	Save DE on stack
 752  013B 38 17        	jr c,l0154h	;013b	Jump to SORRY_RST on carry (index too large)
 753  013D
 754  013D ED 5B 99 2A  	ld de,(02a99h)	;013d	HL = index * 4 + ARRAY_LEN
 755  0141 19           	add hl,de	;0141
 756  0142
 757  0142 D1           	pop de		;0142	Fetch DE from stack
 758  0143 D5           	push de		;0143
 759  0144
 760  0144 38 0D        	jr c,l0153h	;0144	Jump to SORRY_RST_PUSH_DE on carry
 761  0146              			;	(index too large)
 762  0146              l0146h:
 763  0146 D1           	pop de		;0146	Restore DE
 764  0147
 765  0147 DF           	rst 18h		;0147	Call READ_PAR
 766  0148 29           	db ')'		;0148
 767  0149 09           	db l0153h-$-1	;0149	Jump to SORRY_RST_PUSH_DE if no closing ')'
 768  014A              			;	found.
 769  014A
 770  014A D5           	push de		;014a	Save DE
 771  014B
 772  014B EB           	ex de,hl	;014b	DE = index * 4 + ARRAY_LEN
 773  014C CD 83 01     	call l0183h	;014c	Call FREE_MEM
 774  014F
 775  014F D7           	rst 10h		;014f	Call CMP_HL_DE
 776  0150
 777  0150 30 36        	jr nc,l0188h	;0150	Jump to SUB_RAMTOP_HL if enough memory and
 778  0152              			;	return
 779  0152
 780  0152 3E           	db 03eh		;0152	Dummy ld a,nn (ignore push de command)
 781  0153
 782  0153              ; '"SORRY" ERROR RESTART'
 783  0153              ; =======================
 784  0153              ; This restart is called when there is not enough memory available to
 785  0153              ; complete a function or command.
 786  0153
 787  0153              ;; SORRY_RST_PUSH_DE
 788  0153              l0153h:
 789  0153 D5           	push de		;0153	Push current parser address to stack.
 790  0154              ;; SORRY_RST
 791  0154              l0154h:
 792  0154 CD 99 07     	call l0799h		;0154	Call BASIC_ERROR
 793  0157 53 4F 52 52  	dm "SORRY", 00dh	;0157
 793  015B 59 0D
 794  015D
 795  015D              ; Ordinary variable
 796  015D
 797  015D              ;; LOCATE_VARIABLE_A
 798  015D              l015dh:
 799  015D AF           	xor a		;015d	Clear A
 800  015E              ;; LOCATE_VARIABLE_BZ
 801  015E              l015eh:
 802  015E 26 2A        	ld h,02ah	;015e	HL = 2a00h + A * 4
 803  0160 17           	rla		;0160
 804  0161 17           	rla		;0161
 805  0162 6F           	ld l,a		;0162
 806  0163
 807  0163 AF           	xor a		;0163	Clear A and Cf
 808  0164
 809  0164 C9           	ret		;0164	Return
 810  0165
 811  0165              ; 'CONVERT ASCII HEX CHAR TO AN INTEGER'
 812  0165              ; ======================================
 813  0165              ; This function converts a single ASCII character to its hexadecimal numerical
 814  0165              ; value (for example 'B' returns 11) and increments DE.
 815  0165
 816  0165              ; Parameters:
 817  0165              ;	DE: Pointer to the character to be converted
 818  0165              ; Returns:
 819  0165              ;	A: Numerical value of character in (DE) or the character in (DE) on
 820  0165              ;	   error (character not between ASCII '0' and '9').
 821  0165              ;	DE: Incremented by 1 or unmodified on error.
 822  0165              ;	C flag: Set on error, reset otherwise
 823  0165              ; Destroys:
 824  0165              ;	Flags
 825  0165
 826  0165              ;; HEXCHAR_TO_INT
 827  0165              l0165h:
 828  0165 CD 72 01     	call l0172h	;0165	First try to convert an ASCII integer
 829  0168 D0           	ret nc		;0168	return if call to CHAR_TO_INT succeeded
 830  0169
 831  0169 FE 41        	cp 041h		;0169	Return with Cf set if character less than 'A'
 832  016B D8           	ret c		;016b
 833  016C
 834  016C C6 09        	add a,009h	;016c	Add 09h to ASCII code (lower 4 bits are now
 835  016E              			;	equal to the hex value)
 836  016E
 837  016E FE 50        	cp 050h		;016e	Compare with 'F' + 09h + 1
 838  0170
 839  0170 18 06        	jr l0178h	;0170	Jump forward (check for error, clear upper
 840  0172              			;	for bits and return)
 841  0172
 842  0172              ; 'CONVERT ASCII CHAR TO AN INTEGER'
 843  0172              ; ==================================
 844  0172              ; This function converts a single ASCII character to its decimal numerical
 845  0172              ; value and increments DE.
 846  0172
 847  0172              ; Parameters:
 848  0172              ;	DE: Pointer to the character to be converted
 849  0172              ; Returns:
 850  0172              ;	A: Numerical value of character in (DE) or the character in (DE) on
 851  0172              ;	   error (character not between ASCII '0' and '9').
 852  0172              ;	DE: Incremented by 1 or unmodified on error.
 853  0172              ;	C flag: Set on error, reset otherwise
 854  0172              ; Destroys:
 855  0172              ;	Flags
 856  0172
 857  0172              ;; CHAR_TO_INT
 858  0172              l0172h:
 859  0172 1A           	ld a,(de)	;0172	Load (DE) into A
 860  0173 FE 30        	cp 030h		;0173	Compare with 30h (ASCII '0')...
 861  0175 D8           	ret c		;0175	...and return if smaller.
 862  0176
 863  0176 FE 3A        	cp 03ah		;0176	Compare with 3ah (ASCII '9' + 1)...
 864  0178              l0178h:
 865  0178 3F           	ccf		;0178	   (complement carry flag)
 866  0179 D8           	ret c		;0179	...and return if larger or equal.
 867  017A
 868  017A 13           	inc de		;017a	Increment DE
 869  017B              l017bh:
 870  017B E6 0F        	and 00fh	;017b	A = A & 0fh (clear upper 4 bits)
 871  017D              			;	also resets carry flag
 872  017D
 873  017D C9           	ret		;017d	Return
 874  017E
 875  017E              l017eh:
 876  017E 77           	ld (hl),a			;017e	77 	w
 877  017F              l017fh:
 878  017F 23           	inc hl			;017f	23 	#
 879  0180 7D           	ld a,l			;0180	7d 	}
 880  0181 18 F8        	jr l017bh		;0181	18 f8
 881  0183
 882  0183              ; 'FREE MEMORY REMAINING'
 883  0183              ; =======================
 884  0183              ; Calculate bytes available from end of BASIC program to top of RAM
 885  0183
 886  0183              ; Returns:
 887  0183              ;	HL: Free bytes available.
 888  0183
 889  0183              ;; FREE_MEM
 890  0183              l0183h:
 891  0183 D5           	push de		;0183	Save DE to stack
 892  0184
 893  0184 ED 5B 38 2C  	ld de,(02c38h)	;0184	Load BASIC_END into DE
 894  0188
 895  0188              ; 'SUBTRACT HL FROM RAM_TOP'
 896  0188              ; ==========================
 897  0188
 898  0188              ; Returns:
 899  0188              ;	HL: HL = RAM_TOP - HL
 900  0188
 901  0188              ;; SUB_RAMTOP_HL
 902  0188              l0188h:
 903  0188 2A 6A 2A     	ld hl,(02a6ah)	;0188	Load RAM_TOP into DE
 904  018B
 905  018B 7D           	ld a,l		;018b	HL = HL & 0fff0h
 906  018C E6 F0        	and 0f0h	;018c	(resets Cf)
 907  018E 6F           	ld l,a		;018e
 908  018F
 909  018F ED 52        	sbc hl,de	;018f	HL = HL - DE - 0
 910  0191
 911  0191 D1           	pop de		;0191	Restore DE
 912  0192 AF           	xor a		;0192	Clear A (resets carry)
 913  0193
 914  0193 C9           	ret		;0193	Return
 915  0194
 916  0194              ; 'READ PARAMETER (cont.)'
 917  0194              ; ========================
 918  0194
 919  0194              ;; READ_PAR_2
 920  0194              l0194h:
 921  0194 23           	inc hl		;0194	Increment HL
 922  0195 28 07        	jr z,l019eh	;0195	Jump forward if character in DE matches
 923  0197
 924  0197 C5           	push bc		;0197	Save BC on stack
 925  0198 4E           	ld c,(hl)	;0198	Load (HL) into BC
 926  0199 06 00        	ld b,000h	;0199
 927  019B 09           	add hl,bc	;019b	Add BC to HL
 928  019C C1           	pop bc		;019c	Restore BC from stack
 929  019D
 930  019D 1B           	dec de		;019d	Decrement DE
 931  019E
 932  019E              l019eh:
 933  019E 13           	inc de		;019e	Increment DE
 934  019F 23           	inc hl		;019f	Increment HL
 935  01A0 E3           	ex (sp),hl	;01a0	Store HL back to the top of the stack
 936  01A1 C9           	ret		;01a1	Return
 937  01A2
 938  01A2              ; 'CONVERT STRING TO FLOATING POINT NUMBER'
 939  01A2              ; =========================================
 940  01A2              ; Converts a string at DE to a floating point number and pushes it to the
 941  01A2              ; arithmetic stack.
 942  01A2
 943  01A2              ; Returns:
 944  01A2              ;	Zf: Set if no errors occured
 945  01A2
 946  01A2              ;; STRING_TO_FP
 947  01A2              l01a2h:
 948  01A2 CD 48 02     	call l0248h	;01a2	Clear HL' C' (call CLEAR_CX_HLX_B6)
 949  01A5
 950  01A5 06 00        	ld b,000h	;01a5	Clear B and C
 951  01A7 48           	ld c,b		;01a7
 952  01A8
 953  01A8 CD 05 01     	call l0105h	;01a8	Skip any leading whitespace (call EAT_SPACE)
 954  01AB
 955  01AB              l01abh:
 956  01AB CD B0 01     	call l01b0h	;01ab	Call STRING_TO_FP_FETCH_DECIMAL
 957  01AE 18 FB        	jr l01abh	;01ae	Loop
 958  01B0
 959  01B0              ;		L'	H'	C'	L	H
 960  01B0              ; ----------------------------------------------------------
 961  01B0              ;		24 bit mantissa		Exp	Sign
 962  01B0
 963  01B0              ; B register (holds status of the conversion)
 964  01B0
 965  01B0              ; bit	7	6	5	4	3	2	1	0
 966  01B0              ; ----------------------------------------------------------------------
 967  01B0              ; 	Mantissa overflow
 968  01B0
 969  01B0              ;		Mantissa started with a number
 970  01B0
 971  01B0              ;			Exponent started with a number
 972  01B0
 973  01B0              ;							Negative exponent
 974  01B0
 975  01B0              ;								Decimal part
 976  01B0
 977  01B0              ; C register holds (negative) number of decimals after the decimal point.
 978  01B0
 979  01B0
 980  01B0              ; Stack: Top
 981  01B0              ;	 -> STRING_TO_FP
 982  01B0
 983  01B0              ;; STRING_TO_FP_FETCH_DECIMAL
 984  01B0              l01b0h:
 985  01B0 CD 72 01     	call l0172h	;01b0	Call CHAR_TO_INT
 986  01B3 38 20        	jr c,l01d5h	;01b3	Jump on conversion error
 987  01B5
 988  01B5 CB F0        	set 6,b		;01b5	Set bit 6 of B
 989  01B7
 990  01B7 CB 78        	bit 7,b		;01b7
 991  01B9 20 15        	jr nz,l01d0h	;01b9	Jump forward on mantissa overflow.
 992  01BB
 993  01BB CD C3 01     	call l01c3h	;01bb	Call STRING_TO_FP_ADD_DECIMAL
 994  01BE
 995  01BE CB 40        	bit 0,b		;01be
 996  01C0 C8           	ret z		;01c0	Decrement C if after decimal point.
 997  01C1
 998  01C1 0D           	dec c		;01c1
 999  01C2 C9           	ret		;01c2	Return
1000  01C3
1001  01C3
1002  01C3              ; Stack: Top
1003  01C3              ;	 -> STRING_TO_FP
1004  01C3              ;        -> STRING_TO_FP_FETCH_DECIMAL
1005  01C3
1006  01C3              ;; STRING_TO_FP_ADD_DECIMAL
1007  01C3              l01c3h:
1008  01C3 CD 4F 02     	call l024fh	;01c3	Call FP_MUL_10_ADD_A
1009  01C6
1010  01C6 C8           	ret z		;01c6	Return if no overflow in mantissa
1011  01C7
1012  01C7              ; Restore original mantissa if there was an overflow
1013  01C7
1014  01C7 D9           	exx		;01c7
1015  01C8 62           	ld h,d		;01c8	Load DE' into HL'
1016  01C9 6B           	ld l,e		;01c9
1017  01CA 08           	ex af,af'	;01ca
1018  01CB 4F           	ld c,a		;01cb	Load A' into C'
1019  01CC D9           	exx		;01cc
1020  01CD
1021  01CD CB F8        	set 7,b		;01cd	Set bit 7 of B
1022  01CF
1023  01CF F1           	pop af		;01cf	Remove top return address from stack.
1024  01D0              			;	(will return to STRING_TO_FP)
1025  01D0
1026  01D0              l01d0h:
1027  01D0 CB 40        	bit 0,b		;01d0
1028  01D2 C0           	ret nz		;01d2	Increment C if before decimal point.
1029  01D3
1030  01D3 0C           	inc c		;01d3
1031  01D4 C9           	ret		;01d4	Return
1032  01D5
1033  01D5              ; Stack: Top
1034  01D5              ;	 -> STRING_TO_FP
1035  01D5
1036  01D5              l01d5h:
1037  01D5 DF           	rst 18h		;01d5	Call READ_PAR
1038  01D6 2E           	db '.'		;01d6
1039  01D7 05           	db l01ddh-$-1	;01d7
1040  01D8
1041  01D8              ; Decimal point found
1042  01D8
1043  01D8 CB 40        	bit 0,b		;01d8
1044  01DA CB C0        	set 0,b		;01da
1045  01DC C8           	ret z		;01dc	Return if bit 0 not set,
1046  01DD              			;	else set bit 0 of B.
1047  01DD
1048  01DD              			;	Two decimal points found
1049  01DD              l01ddh:
1050  01DD F1           	pop af		;01dd	Remove top return address from stack.
1051  01DE
1052  01DE CB 70        	bit 6,b		;01de
1053  01E0 C8           	ret z		;01e0	Return from STRING_TO_FP if first character
1054  01E1              			;	of mantissa was not a number.
1055  01E1
1056  01E1 21 18 00     	ld hl,l0018h	;01e1	Exponent = 24, sign = positive
1057  01E4 C5           	push bc		;01e4	Save BC on stack
1058  01E5 D5           	push de		;01e5	Save DE on stack
1059  01E6
1060  01E6 D9           	exx		;01e6
1061  01E7 CD 14 09     	call l0914h	;01e7	Call CORRECT_EXP_ADD_IX_10
1062  01EA
1063  01EA D1           	pop de		;01ea	Restore DE from stack
1064  01EB
1065  01EB 01 F3 01     	ld bc,l01f3h	;01eb	Push STRING_TO_FP_PARSE_EXP address on stack.
1066  01EE C5           	push bc		;01ee
1067  01EF
1068  01EF D5           	push de		;01ef	Save DE on stack
1069  01F0 C3 6D 0B     	jp l0b6dh	;01f0	Jump to STORE_ARITHM_RET and return
1070  01F3              			;	to STRING_TO_FP_PARSE_EXP
1071  01F3
1072  01F3              ; At this point mantissa is on the top of arithmetic stack and DE points
1073  01F3              ; to the beginning of the exponent.
1074  01F3
1075  01F3              ; Stack: Top
1076  01F3              ;	 -> STRING_TO_FP
1077  01F3
1078  01F3              ;; STRING_TO_FP_PARSE_EXP
1079  01F3              l01f3h:
1080  01F3 C1           	pop bc		;01f3	Restore BC from stack
1081  01F4 D5           	push de		;01f4	Save DE on stack
1082  01F5
1083  01F5 DF           	rst 18h		;01f5	Call READ_PAR
1084  01F6 45           	db 'E' 		;01f6
1085  01F7 1B           	db l0213h-$-1	;01f7	No exponent
1086  01F8
1087  01F8 DF           	rst 18h		;01f8	Call READ_PAR
1088  01F9 2B           	db '+'		;01f9
1089  01FA 02           	db l01fdh-$-1	;01fa	Ignore leading + sign
1090  01FB
1091  01FB 18 05        	jr l0202h	;01fb
1092  01FD
1093  01FD              l01fdh:
1094  01FD DF           	rst 18h		;01fd	Call READ_PAR
1095  01FE 2D           	db '-'		;01fe
1096  01FF 02           	db l0202h-$-1	;01ff
1097  0200
1098  0200 CB C8        	set 1,b		;0200	Mark negative exponent
1099  0202
1100  0202              ;; STRING_TO_FP_GET_EXP
1101  0202              l0202h:
1102  0202 CD 4A 02     	call l024ah	;0202	Call CLEAR_CX_HLX
1103  0205
1104  0205              l0205h:
1105  0205 CD 72 01     	call l0172h	;0205	Call CHAR_TO_INT
1106  0208 38 0D        	jr c,l0217h	;0208	Break from loop on conversion error
1107  020A
1108  020A CB E8        	set 5,b		;020a	Mark exponent started with number
1109  020C
1110  020C CD 4F 02     	call l024fh	;020c	Add decimal to the exponent
1111  020F              			;	(call FP_MUL_10_ADD_A)
1112  020F
1113  020F 20 14        	jr nz,l0225h	;020f	Jump to HOW_RST_PUSH_DE on exponent overflow
1114  0211
1115  0211 18 F2        	jr l0205h	;0211	Loop
1116  0213
1117  0213              l0213h:
1118  0213 D1           	pop de		;0213	Restore DE
1119  0214 AF           	xor a		;0214	Clear A
1120  0215 18 17        	jr l022eh	;0215
1121  0217
1122  0217              l0217h:
1123  0217 CB 68        	bit 5,b		;0217
1124  0219 28 F8        	jr z,l0213h	;0219	Jump to FIXME if exponent did not start with
1125  021B              			;	a number
1126  021B
1127  021B F1           	pop af		;021b	FIXME
1128  021C
1129  021C D9           	exx		;021c
1130  021D 79           	ld a,c		;021d
1131  021E B4           	or h		;021e	Test C' and H'
1132  021F
1133  021F 7D           	ld a,l		;021f	A = L'
1134  0220
1135  0220 D9           	exx		;0220
1136  0221
1137  0221 20 02        	jr nz,l0225h	;0221	If C' or H' not equal to zero, call HOW_RST
1138  0223              			;	(exponent overflowed)
1139  0223 CB 7F        	bit 7,a		;0223
1140  0225              l0225h:
1141  0225 C2 5A 06     	jp nz,l065ah	;0225	If mantissa overflowed, call HOW_RST
1142  0228
1143  0228 CB 48        	bit 1,b		;0228	If exponent negative, negate A
1144  022A 28 02        	jr z,l022eh	;022a
1145  022C ED 44        	neg		;022c
1146  022E              l022eh:
1147  022E
1148  022E 81           	add a,c		;022e	Add exponent and number of decimal points
1149  022F
1150  022F              ; Mantissa is still on the top of the arithmetic stack. Exponent is in A.
1151  022F
1152  022F              ; Multiply mantissa with 10^A.
1153  022F
1154  022F              ;; STRING_TO_FP_EXP_LOOP
1155  022F              l022fh:
1156  022F A7           	and a		;022f
1157  0230 28 13        	jr z,l0245h	;0230	If A zero, jump to STRING_TO_FP_END
1158  0232
1159  0232 CB 7F        	bit 7,a		;0232
1160  0234 28 07        	jr z,l023dh	;0234	Multiply by 10 if exponent positive,
1161  0236              			;	else divide by 10
1162  0236
1163  0236 3C           	inc a		;0236	Increment A
1164  0237 F5           	push af		;0237	Save A on stack
1165  0238 CD F4 0A     	call l0af4h	;0238	Call FP_DIV_10
1166  023B 18 05        	jr l0242h	;023b
1167  023D
1168  023D              l023dh:
1169  023D 3D           	dec a		;023d	Decrement A
1170  023E F5           	push af		;023e	Save A on stack
1171  023F CD E3 0A     	call l0ae3h	;023f	Call FP_MUL_10
1172  0242
1173  0242              l0242h:
1174  0242 F1           	pop af		;0242	Restore A from stack
1175  0243 18 EA        	jr l022fh	;0243	Jump to STRING_TO_FP_EXP_LOOP
1176  0245
1177  0245              ;; STRING_TO_FP_END
1178  0245              l0245h:
1179  0245 CB 70        	bit 6,b		;0245	Test bit 6 of B (valid mantissa)
1180  0247 C9           	ret		;0247	Return
1181  0248
1182  0248
1183  0248              ; 'CLEAR C' HL''
1184  0248              ; ==============
1185  0248              ; Loads 00 0000h into the mantissa in C' HL' and clears bit 6 of B
1186  0248
1187  0248              ;; CLEAR_CX_HLX_B6
1188  0248              l0248h:
1189  0248 CB B0        	res 6,b		;0248	Clear bit 6 of B
1190  024A
1191  024A              ;; CLEAR_CX_HLX
1192  024A              l024ah:
1193  024A D9           	exx		;024a	Exchange BC,DE,HL with BC',DE',HL'
1194  024B EF           	rst 28h		;024b	Call CLEAR_HL
1195  024C 4D           	ld c,l		;024c	Load 00h into C
1196  024D D9           	exx		;024d	Exchange BC,DE,HL with BC',DE',HL'
1197  024E C9           	ret		;024e	Return
1198  024F
1199  024F              ; 'ADD A DECIMAL NUMBER TO MANTISSA'
1200  024F              ; ==================================
1201  024F              ; Multiplies floating point number's mantissa in HL' C' by 10 and adds integer
1202  024F              ; in A to it.
1203  024F
1204  024F              ; Parameters:
1205  024F              ;	HL' C': Input mantissa (24 bit)
1206  024F              ;	A: Integer to add
1207  024F              ; Returns:
1208  024F              ;	HL' BC': Output mantissa (32 bit)
1209  024F              ;	DE' A': Unmodified input mantissa (24 bit)
1210  024F              ;	Zf: Set if B' is zero
1211  024F
1212  024F              ;; FP_MUL_10_ADD_A
1213  024F              l024fh:
1214  024F 08           	ex af,af'	;024f
1215  0250 D9           	exx		;0250
1216  0251
1217  0251 54           	ld d,h		;0251	DE' A' = HL' C'
1218  0252 5D           	ld e,l		;0252
1219  0253 79           	ld a,c		;0253
1220  0254
1221  0254 06 00        	ld b,000h	;0254	Clear B'
1222  0256
1223  0256 F5           	push af		;0256	Push AF' on stack
1224  0257
1225  0257              ;		L'	H'	C'	B'	L	H
1226  0257              ; ----------------------------------------------------------
1227  0257              ;		32 bit mantissa		(MSB)	Exp	Sign
1228  0257
1229  0257 29           	add hl,hl	;0257	HL' BC' = HL' BC' * 2
1230  0258 CB 11        	rl c		;0258
1231  025A CB 10        	rl b		;025a
1232  025C
1233  025C 29           	add hl,hl	;025c	HL' C' = HL' C' * 2
1234  025D CB 11        	rl c		;025d
1235  025F CB 10        	rl b		;025f
1236  0261
1237  0261 19           	add hl,de	;0261	HL' BC' = HL' BC' + DE' A'
1238  0262 89           	adc a,c		;0262
1239  0263 4F           	ld c,a		;0263
1240  0264
1241  0264 3E 00        	ld a,000h	;0264
1242  0266 88           	adc a,b		;0266
1243  0267 47           	ld b,a		;0267
1244  0268
1245  0268              ; We now have HL' BC' = HL' BC' * 5
1246  0268
1247  0268 F1           	pop af		;0268	Pop AF' from stack
1248  0269
1249  0269 D5           	push de		;0269	Push DE' to stack
1250  026A
1251  026A 16 00        	ld d,000h	;026a	Clear D'
1252  026C
1253  026C 29           	add hl,hl	;026c	HL' BC' = HL' BC' * 2
1254  026D CB 11        	rl c		;026d
1255  026F CB 10        	rl b		;026f
1256  0271
1257  0271              ; We now have HL' BC' = HL' BC' * 10
1258  0271
1259  0271 08           	ex af,af'	;0271	Exchange AF with AF'
1260  0272
1261  0272 5F           	ld e,a		;0272	Load A into E'
1262  0273
1263  0273 19           	add hl,de	;0273	HL' BC' = HL' BC' + E'
1264  0274
1265  0274 7A           	ld a,d		;0274
1266  0275 89           	adc a,c		;0275
1267  0276 4F           	ld c,a		;0276
1268  0277
1269  0277 7A           	ld a,d		;0277
1270  0278 88           	adc a,b		;0278
1271  0279 47           	ld b,a		;0279
1272  027A
1273  027A D1           	pop de		;027a	Pop DE' from stack
1274  027B
1275  027B D9           	exx		;027b
1276  027C C9           	ret		;027c	Return
1277  027D
1278  027D              ; 'EDIT'
1279  027D              ; ======
1280  027D              ; "EDIT" BASIC command.
1281  027D
1282  027D              ; Edit a line of BASIC with a simple line editor. Takes one integer argument
1283  027D              ; which is the line number to edit.
1284  027D
1285  027D              ; Delete key was pressed while in line editor mode. Remove one character
1286  027D              ; at '_' cursor position.
1287  027D
1288  027D              ;; EDIT_DELETE
1289  027D              l027dh:
1290  027D 5D           	ld e,l		;027d	DE' = HL'
1291  027E 54           	ld d,h		;027e
1292  027F
1293  027F              l027fh:
1294  027F 13           	inc de		;027f	(DE') = (DE' + 1)
1295  0280 1A           	ld a,(de)	;0280
1296  0281 1B           	dec de		;0281
1297  0282 12           	ld (de),a	;0282
1298  0283
1299  0283 13           	inc de		;0283	Increment DE'
1300  0284
1301  0284 FE 0D        	cp 00dh		;0284 	Loop until end of line is reached
1302  0286 20 F7        	jr nz,l027fh	;0286
1303  0288
1304  0288 18 25        	jr l02afh	;0288	Continue with EDIT_LOOP
1305  028A
1306  028A              ;; EDIT_LEFT
1307  028A              l028ah:
1308  028A 7D           	ld a,l		;028a	Check if cursor is at the beginning of buffer.
1309  028B FE B6        	cp 0b6h		;028b
1310  028D 28 20        	jr z,l02afh	;028d
1311  028F
1312  028F 2B           	dec hl		;028f	Move cursor one position left
1313  0290 18 1D        	jr l02afh	;0290	Continue with EDIT_LOOP
1314  0292
1315  0292              ;; EDIT_RIGHT
1316  0292              l0292h:
1317  0292 7E           	ld a,(hl)	;0292	Check if cursor is at the end of buffer.
1318  0293 FE 0D        	cp 00dh		;0293
1319  0295 28 18        	jr z,l02afh	;0295
1320  0297
1321  0297 18 51        	jr l02eah	;0297	Move cursor one position right
1322  0299              			;	and continue with EDIT_LOOP
1323  0299
1324  0299              ; Entry point to the function
1325  0299
1326  0299              ;; EDIT
1327  0299              l0299h:
1328  0299 CD D3 0C     	call l0cd3h	;0299	HL = line number to edit or 0 on error
1329  029C              			;	(call STRING_TO_INT)
1330  029C
1331  029C CD F2 07     	call l07f2h	;029c	DE = start of the BASIC line
1332  029F              			;	(call FIND_LINE)
1333  029F
1334  029F DA 5A 06     	jp c,l065ah	;029f	Jump to HOW_RST_PUSH_DE if exact line number
1335  02A2              			;	in argument was not found.
1336  02A2
1337  02A2 3E 0C        	ld a,00ch	;02a2	Clear screen with PUTCH_RST
1338  02A4 E7           	rst 20h		;02a4	(print ASCII FF)
1339  02A5
1340  02A5 21 B6 2B     	ld hl,02bb6h	;02a5	Load INPUT_BUFFER address into HL
1341  02A8
1342  02A8 22 68 2A     	ld (02a68h),hl	;02a8	Move cursor at the beggining of the buffer
1343  02AB              			;	(update CURSOR_POS)
1344  02AB
1345  02AB CD 31 09     	call l0931h	;02ab	Print the selected line into buffer
1346  02AE              			;	(call PRINT_BASIC_LINE)
1347  02AE
1348  02AE              			;	HL' = address of the last character
1349  02AE              			;             in buffer + 1
1350  02AE
1351  02AE D9           	exx		;02ae
1352  02AF
1353  02AF              ;; EDIT_LOOP
1354  02AF              l02afh:
1355  02AF 11 00 28     	ld de,02800h	;02af	Set CURSOR_POS to the top left corner of the
1356  02B2 ED 53 68 2A  	ld (02a68h),de	;02b2	screen.
1357  02B6
1358  02B6              ; Print the BASIC line in buffer on the screen with the '_' cursor inserted
1359  02B6              ; at HL'.
1360  02B6
1361  02B6 11 B6 2B     	ld de,02bb6h	;02b6	DE' = INPUT_BUFFER
1362  02B9
1363  02B9 4E           	ld c,(hl)	;02b9	Save character at HL' in C'
1364  02BA 36 00        	ld (hl),000h	;02ba	and overwrite it with ASCII NUL
1365  02BC
1366  02BC CD 37 09     	call l0937h	;02bc	Call PRINTSTR
1367  02BF
1368  02BF              			;	DE' = address of the first character after
1369  02BF              			;	      inserted ASCII NUL
1370  02BF
1371  02BF 3E 5F        	ld a,05fh	;02bf	Load cursor character (ASCII '_') into A
1372  02C1
1373  02C1 CD B6 07     	call l07b6h	;02c1	Decrement DE'
1374  02C4              			;	Restore character in C' to HL'
1375  02C4              			;	Call PUTCH_PRINTSTR
1376  02C4
1377  02C4              			;	DE' = address of the last character in the
1378  02C4              			;	      buffer.
1379  02C4
1380  02C4 CD F5 0C     	call l0cf5h	;02c4	Wait for a keypress (call KEY)
1381  02C7
1382  02C7 FE 0D        	cp 00dh		;02c7	"RETURN" pressed...
1383  02C9 28 71        	jr z,l033ch	;02c9	...call BASIC_CMDLINE_ENTRY and proceed as if
1384  02CB              			;	   the buffer was entered on the command line.
1385  02CB
1386  02CB B7           	or a		;02cb	"DELETE" pressed...
1387  02CC 28 AF        	jr z,l027dh	;02cc	...jump to EDIT_DELETE
1388  02CE
1389  02CE FE 1D        	cp 01dh		;02ce	"LEFT" pressed...
1390  02D0 28 B8        	jr z,l028ah	;02d0	...jump to EDIT_LEFT
1391  02D2
1392  02D2 FE 1E        	cp 01eh		;02d2	"RIGHT" pressed...
1393  02D4 28 BC        	jr z,l0292h	;02d4	...jump to EDIT_RIGHT
1394  02D6
1395  02D6 38 D7        	jr c,l02afh	;02d6	Ignore any other special keys (scancode < 1eh)
1396  02D8              			;	(loop to EDIT_LOOP)
1397  02D8
1398  02D8              ; Alfanumeric key was pressed...
1399  02D8
1400  02D8 47           	ld b,a		;02d8	Load ASCII code into B
1401  02D9
1402  02D9 E5           	push hl		;02d9	Save '_' cursor address on stack
1403  02DA
1404  02DA 21 34 2C     	ld hl,02c34h	;02da	Check there is space in the buffer for
1405  02DD              			;	another character.
1406  02DD D7           	rst 10h		;02dd	(call CMP_HL_DE)
1407  02DE
1408  02DE E1           	pop hl		;02de	Restore '_' cursor address.
1409  02DF
1410  02DF 38 CE        	jr c,l02afh	;02df	Ignore key press that would overflow the
1411  02E1              			;	buffer (loop to EDIT_LOOP)
1412  02E1
1413  02E1              ; Make space for the inserted character by moving all character in front
1414  02E1              ; one position to the right.
1415  02E1
1416  02E1              l02e1h:
1417  02E1 1B           	dec de		;02e1	(DE') = (DE' - 1)
1418  02E2 1A           	ld a,(de)	;02e2
1419  02E3 13           	inc de		;02e3
1420  02E4 12           	ld (de),a	;02e4
1421  02E5
1422  02E5 1B           	dec de		;02e5	Decrement DE'
1423  02E6 D7           	rst 10h		;02e6	Compare with '_' cursor position in HL'
1424  02E7
1425  02E7 20 F8        	jr nz,l02e1h	;02e7	Loop until cursor position is reached
1426  02E9
1427  02E9 70           	ld (hl),b	;02e9	Insert ASCII code into string
1428  02EA
1429  02EA              l02eah:
1430  02EA 23           	inc hl		;02ea	Move '_' cursor to the right.
1431  02EB 18 C2        	jr l02afh	;02eb	Loop to EDIT_LOOP
1432  02ED
1433  02ED              ; 'MOVE CURSOR INTO A NEW LINE'
1434  02ED              ; =============================
1435  02ED              ; This routine prints a new line if the cursor is not in the upper left corner
1436  02ED              ; of the screen.
1437  02ED
1438  02ED              ;; NEWLINE
1439  02ED              l02edh:
1440  02ED 3A 68 2A     	ld a,(02a68h)	;02ed	Set Zf if cursor in upper left corner of the
1441  02F0 E6 1F        	and 01fh	;02f0	screen.
1442  02F2
1443  02F2 3E 0D        	ld a,00dh	;02f2	Load ASCII CR into A
1444  02F4 32 B5 2B     	ld (02bb5h),a	;02f4	Load 0dh into FIXME
1445  02F7
1446  02F7 C8           	ret z		;02f7	Print ASCII CR if Zf not set.
1447  02F8 E7           	rst 20h		;02f8
1448  02F9 C9           	ret		;02f9
1449  02FA
1450  02FA              ; 'CHECK IF "BREAK" KEY IS PRESSED'
1451  02FA              ; =================================
1452  02FA              ; This function checks if "BREAK" key is pressed. If so it executes the BREAK
1453  02FA              ; routine.
1454  02FA
1455  02FA              l02fah:
1456  02FA 3A 33 20     	ld a,(02033h)	;02fa	Check for "DELETE" key press.
1457  02FD 0F           	rrca		;02fd
1458  02FE D8           	ret c		;02fe	Return if key is not pressed. Else check for
1459  02FF              			;	BREAK keypress again.
1460  02FF
1461  02FF              			;	FIXME: Phantom keypress recognition?
1462  02FF
1463  02FF              ;; CHECK_BREAK
1464  02FF              l02ffh:
1465  02FF 3A 31 20     	ld a,(02031h)	;02ff	Check for "BREAK" key press.
1466  0302 0F           	rrca		;0302
1467  0303 38 F5        	jr c,l02fah	;0303	If key is pressed (LSB of A is 0), continue
1468  0305              			;	to the BREAK function. Else jump.
1469  0305
1470  0305              ; 'BREAK BASIC INTERPRETER'
1471  0305              ; =========================
1472  0305              ; This function gets called whenever the "BREAK" key is pressed during the
1473  0305              ; execution of the BASIC interpreter.
1474  0305
1475  0305              ;; BREAK
1476  0305              l0305h:
1477  0305 CD ED 02     	call l02edh		;0305	cd ed 02
1478  0308 11 98 00     	ld de,l0098h		;0308	11 98 00
1479  030B CD 37 09     	call l0937h		;030b	cd 37 09 	  7
1480  030E ED 5B 9F 2A  	ld de,(02a9fh)		;030e	ed 5b 9f 2a 	  [   *
1481  0312 7A           	ld a,d			;0312	7a 	z
1482  0313 B3           	or e			;0313	b3
1483  0314 C4 ED 08     	call nz,l08edh		;0314	c4 ed 08
1484  0317
1485  0317              ; 'RESET BASIC (cont.)'
1486  0317              ; =====================
1487  0317
1488  0317              ;; RESET_BASIC_2
1489  0317              l0317h:
1490  0317 FB           	ei		;0317	Enable interrupts
1491  0318
1492  0318 CD ED 02     	call l02edh	;0318	Call NEWLINE
1493  031B
1494  031B 11 07 0F     	ld de,l0f07h	;031b	Print "READY" string
1495  031E CD 37 09     	call l0937h	;031e	(call PRINTSTR)
1496  0321
1497  0321              ;; BASIC_CMDLINE_LOOP
1498  0321              l0321h:
1499  0321
1500  0321              ; Reset BASIC interpreter variables
1501  0321
1502  0321 EF           	rst 28h		;0321	Call CLEAR_HL
1503  0322 11 31 30     	ld de,03031h	;0322
1504  0325 31 A7 2A     	ld sp,02aa7h	;0325
1505  0328
1506  0328 D5           	push de		;0328	Load 3031h into KEY_DIFF	(2aa5-2aa6)
1507  0329 E5           	push hl		;0329	Clear FIXME			(2aa3-2aa4)
1508  032A E5           	push hl		;032a	Clear FIXME 			(2aa1-2aa2)
1509  032B E5           	push hl		;032b	Clear BASIC_LINE                (2a9f-2aa0)
1510  032C
1511  032C 2A 36 2C     	ld hl,(02c36h)	;032c	Load BASIC_START+2 into HL
1512  032F 23           	inc hl		;032f
1513  0330 23           	inc hl		;0330
1514  0331
1515  0331 E5           	push hl		;0331	Load HL into 2a9dh (FIXME)
1516  0332
1517  0332 31 A8 2B     	ld sp,02ba8h	;0332	Restore CPU and arithmetic stack pointers.
1518  0335 DD 21 AC 2A  	ld ix,02aach	;0335
1519  0339
1520  0339 CD BB 07     	call l07bbh	;0339	Get command line (call GETSTR)
1521  033C
1522  033C              ; Process string in input buffer and either store a BASIC line to memory or
1523  033C              ; execute and immediate command.
1524  033C
1525  033C              ;; BASIC_CMDLINE_ENTRY
1526  033C              l033ch:
1527  033C D5           	push de		;033c	Push address of the end of the string to stack,
1528  033D
1529  033D 11 B6 2B     	ld de,02bb6h	;033d	Load INPUT_BUFFER address into DE
1530  0340
1531  0340 CD D3 0C     	call l0cd3h	;0340	Call STRING_TO_INT
1532  0343
1533  0343              			;	Stores line number in HL, or set Zf if
1534  0343              			;	no line number was entered.
1535  0343
1536  0343 C1           	pop bc		;0343	Restore end address into BC.
1537  0344
1538  0344 CA 8C 03     	jp z,l038ch	;0344	No line number, jump to IMMEDIATE
1539  0347
1540  0347              ; Store the entered BASIC line in memory
1541  0347
1542  0347              ; Example: 20 XXX entered on the command line
1543  0347
1544  0347 1B           	dec de		;0347	Store line number at (DE-2)
1545  0348 7C           	ld a,h		;0348	(two bytes before the start of the line
1546  0349 12           	ld (de),a	;0349   contents)
1547  034A 1B           	dec de		;034a
1548  034B 7D           	ld a,l		;034b
1549  034C 12           	ld (de),a	;034c
1550  034D
1551  034D C5           	push bc		;034d	Save line end address and line start address
1552  034E D5           	push de		;034e	on stack.
1553  034F
1554  034F 79           	ld a,c		;034f	A = C - E
1555  0350 93           	sub e		;0350
1556  0351
1557  0351 F5           	push af		;0351
1558  0352
1559  0352 CD F2 07     	call l07f2h	;0352	(call FIND_LINE)
1560  0355
1561  0355 D5           	push de		;0355	Store start address of the next line on stack
1562  0356 20 10        	jr nz,l0368h	;0356
1563  0358
1564  0358              ; Entered line number doesn't exist yet
1565  0358
1566  0358 D5           	push de		;0358
1567  0359
1568  0359 CD 11 08     	call l0811h	;0359	Move DE to the beginning of the line
1569  035C              			;	(call FIND_LINE_NEXT)
1570  035C
1571  035C C1           	pop bc		;035c	BC = start address of the next line
1572  035D
1573  035D 2A 38 2C     	ld hl,(02c38h)	;035d	2a 38 2c 	* 8 ,
1574  0360
1575  0360 CD 44 09     	call l0944h	;0360	Call MOVE_MEM
1576  0363
1577  0363 60           	ld h,b		;0363	60 	`
1578  0364 69           	ld l,c		;0364	69 	i
1579  0365 22 38 2C     	ld (02c38h),hl	;0365	22 38 2c 	" 8 ,
1580  0368              l0368h:
1581  0368 C1           	pop bc		;0368	c1
1582  0369 2A 38 2C     	ld hl,(02c38h)	;0369	2a 38 2c 	* 8 ,
1583  036C F1           	pop af		;036c	f1
1584  036D E5           	push hl		;036d	e5
1585  036E FE 03        	cp 003h		;036e	fe 03
1586  0370 28 AF        	jr z,l0321h	;0370	28 af 	(
1587  0372 5F           	ld e,a		;0372	5f 	_
1588  0373 16 00        	ld d,000h	;0373	16 00
1589  0375 19           	add hl,de	;0375	19
1590  0376 ED 5B 6A 2A  	ld de,(02a6ah)	;0376	ed 5b 6a 2a 	  [ j *
1591  037A D7           	rst 10h		;037a	d7
1592  037B D2 53 01     	jp nc,00153h	;037b	d2 53 01 	  S
1593  037E 22 38 2C     	ld (02c38h),hl	;037e	22 38 2c 	" 8 ,
1594  0381 D1           	pop de		;0381	d1
1595  0382 CD 4C 09     	call l094ch	;0382	cd 4c 09 	  L
1596  0385 D1           	pop de		;0385	d1
1597  0386 E1           	pop hl		;0386	e1
1598  0387 CD 44 09     	call l0944h	;0387	cd 44 09 	  D
1599  038A 18 95        	jr l0321h	;038a	Jump to BASIC_CMDLINE_LOOP
1600  038C
1601  038C              ; 'PARSE AN IMMEDIATE COMMAND'
1602  038C              ; ============================
1603  038C              ; Parses and executes a BASIC command entered on the command line.
1604  038C
1605  038C              ; Calls PARSE with BASIC_CMDLINE_TABLE
1606  038C
1607  038C              ;; IMMEDIATE
1608  038C              l038ch:
1609  038C 21 17 03     	ld hl,l0317h	;038c	Push RESET_BASIC_2 address on stack
1610  038F E5           	push hl		;038f
1611  0390
1612  0390 2E 0E        	ld l,(l0f0fh-1)&00ffh
1613  0392              			;0390					HL = 0f0eh
1614  0392 01           	db 1		;0392  					BC = xx
1615  0393
1616  0393              ; 'EVALUATE NUMERIC FUNCTIONS'
1617  0393              ; ============================
1618  0393              ; Evaluates any functions from the numeric function table that appear at DE.
1619  0393
1620  0393              ; Calls PARSE with BASIC_FUNC_TABLE.
1621  0393
1622  0393              ;; EVAL_FUNCTIONS
1623  0393              l0393h:
1624  0393 2E 9B        	ld l,(l0f9ch-1)&00ffh
1625  0395              			;0393			HL = 0f9bh
1626  0395 01           	db 1		;0395   		BC = xx		BC = xx
1627  0396              l0396h:
1628  0396 2E EE        	ld l,0eeh	;0396	HL = 0feeh
1629  0398
1630  0398              ; 'BASIC FUNCTION PARSER'
1631  0398              ; =======================
1632  0398              ; Parse BASIC commands at DE.
1633  0398
1634  0398              ; Parameters:
1635  0398              ;	DE: String containing BASIC commands.
1636  0398              ;	L: Low byte of a pointer to the appropriate command table.
1637  0398
1638  0398              ;; PARSE
1639  0398              l0398h:
1640  0398 26 0F        	ld h,00fh	;0398
1641  039A
1642  039A              ;; PARSE_FIRST
1643  039A              l039ah:
1644  039A CD 05 01     	call l0105h	;039a	Skip leading space and get first character
1645  039D              			;	from string in DE (Call EAT_SPACE)
1646  039D
1647  039D D5           	push de		;039d	Store address of the first character on stack
1648  039E
1649  039E 13           	inc de		;039e	Increment DE and HL
1650  039F 23           	inc hl		;039f
1651  03A0
1652  03A0 BE           	cp (hl)		;03a0	Compare first character with first character
1653  03A1              			;	in table
1654  03A1
1655  03A1 28 06        	jr z,l03a9h	;03a1	Jump to PARSE_COMPARE if equal.
1656  03A3
1657  03A3 CB 7E        	bit 7,(hl)	;03a3	Test MSB of (HL)
1658  03A5 20 0C        	jr nz,l03b3h	;03a5	Jump to PARSE_END if set
1659  03A7
1660  03A7 18 11        	jr l03bah	;03a7	Jump to PARSE_NEXT if characters do not match
1661  03A9
1662  03A9              ; Compares string in DE (BASIC line) with string in HL (BASIC command table)
1663  03A9
1664  03A9              ;; PARSE_COMPARE
1665  03A9              l03a9h:
1666  03A9 1A           	ld a,(de)	;03a9	Get next character
1667  03AA
1668  03AA 13           	inc de		;03aa	Increment DE and HL
1669  03AB 23           	inc hl		;03ab
1670  03AC
1671  03AC BE           	cp (hl)		;03ac	Compare character
1672  03AD 28 FA        	jr z,l03a9h	;03ad	Loop if they match
1673  03AF
1674  03AF CB 7E        	bit 7,(hl)	;03af	Test MSB of (HL)
1675  03B1 28 03        	jr z,l03b6h	;03b1	Jump to PARSE_DOT if not set.
1676  03B3
1677  03B3              ; Complete table has been checked and no matching BASIC command has been found
1678  03B3
1679  03B3              ;; PARSE_END
1680  03B3              l03b3h:
1681  03B3 1B           	dec de		;03b3	Decrement DE
1682  03B4 18 12        	jr l03c8h	;03b4	Jump to PARSE_MATCH
1683  03B6
1684  03B6              ; A matching BASIC command has been found
1685  03B6
1686  03B6              ;; PARSE_DOT
1687  03B6              l03b6h:
1688  03B6 FE 2E        	cp 02eh		;03b6	Compare last character with ASCII '.'
1689  03B8 28 09        	jr z,l03c3h	;03b8	If equal then jump to PARSE_MATCH_PARTIAL
1690  03BA              			;	else continue checking with next command in
1691  03BA              			;	the command table.
1692  03BA
1693  03BA              ; Move (HL) to the next entry in the BASIC command table
1694  03BA
1695  03BA              ;; PARSE_NEXT
1696  03BA              l03bah:
1697  03BA 23           	inc hl		;03ba	Increment HL until MSB of (HL) is set
1698  03BB CB 7E        	bit 7,(hl)	;03bb
1699  03BD 28 FB        	jr z,l03bah	;03bd
1700  03BF
1701  03BF 23           	inc hl		;03bf	Increment HL
1702  03C0 D1           	pop de		;03c0	Restore DE
1703  03C1 18 D7        	jr l039ah	;03c1	Jump to PARSE_FIRST
1704  03C3
1705  03C3              ;; PARSE_MATCH_PARTIAL
1706  03C3              l03c3h:
1707  03C3 23           	inc hl		;03c3	Increment HL until MSB of (HL) is set
1708  03C4 CB 7E        	bit 7,(hl)	;03c4
1709  03C6 28 FB        	jr z,l03c3h	;03c6
1710  03C8
1711  03C8              ;; PARSE_MATCH
1712  03C8              l03c8h:
1713  03C8 7E           	ld a,(hl)	;03c8	HL = (HL) & 7fffh
1714  03C9 23           	inc hl		;03c9	number in (HL) is big endian!
1715  03CA 6E           	ld l,(hl)	;03ca
1716  03CB E6 7F        	and 07fh	;03cb
1717  03CD 67           	ld h,a		;03cd
1718  03CE
1719  03CE F1           	pop af		;03ce	Removed saved DE from stack
1720  03CF CB 74        	bit 6,h		;03cf	Test bit 6 of H
1721  03D1 CB B4        	res 6,h		;03d1	Reset bit 6 of H
1722  03D3
1723  03D3 E5           	push hl		;03d3	Push HL to stack
1724  03D4
1725  03D4 C4 6A 0A     	call nz,l0a6ah	;03d4	Call EVAL_PAREN_INT if bit 6 of H set.
1726  03D7              			;	(get function's argument)
1727  03D7
1728  03D7 C3 A9 2B     	jp 02ba9h	;03d7	Jump to BASIC_LINK (Returns to address in HL)
1729  03DA
1730  03DA              ; 'START (cont.)'
1731  03DA              ; ===============
1732  03DA              ; This is the rest of the boot code (it is executed only once, at power on)
1733  03DA
1734  03DA              ;; START_2
1735  03DA              l03dah:
1736  03DA ED 56        	im 1		;03da	Set interrupt mode 1
1737  03DC FD 21 FD 00  	ld iy,l00fdh	;03dc	Load 00fdh into IY
1738  03E0              			;	(default video interrupt hook)
1739  03E0
1740  03E0 21 FF 27     	ld hl,027ffh	;03e0	Load latch address (27ffh) into HL
1741  03E3 75           	ld (hl),l	;03e3	Load ffh into the latch (disable A7 clamp,
1742  03E4              			;	empty character scanline)
1743  03E4
1744  03E4 45           	ld b,l		;03e4	Load ffh into B.
1745  03E5
1746  03E5              ; This routine clears the entire RAM, starting at 2800h, if A holds 00h.
1747  03E5
1748  03E5              l03e5h:
1749  03E5 23           	inc hl		;03e5	Increment HL
1750  03E6 70           	ld (hl),b	;03e6	Load B (ffh) into (HL)
1751  03E7 34           	inc (hl)	;03e7	Increment (HL)
1752  03E8              			;	(HL) should now hold 00h if the address in HL
1753  03E8              			;	is mapped to RAM.
1754  03E8
1755  03E8 20 03        	jr nz,l03edh	;03e8	If not zero, break from loop
1756  03EA              			;	(reached the end of RAM)
1757  03EA
1758  03EA B6           	or (hl)		;03ea	If (HL) | A ...
1759  03EB 28 F8        	jr z,l03e5h	;03eb	... is zero, loop
1760  03ED
1761  03ED              l03edh:
1762  03ED 22 6A 2A     	ld (02a6ah),hl	;03ed	Store the last address in RAM + 1 into RAM_TOP
1763  03F0
1764  03F0 31 AD 2B     	ld sp,02badh	;03f0	Set SP to 2badh
1765  03F3 21 0B C9     	ld hl,0c90bh	;03f3	Load c90bh into HL
1766  03F6 E5           	push hl		;03f6	Store c9h (ret) into 2bach (VIDEO_LINK)
1767  03F7              			;	Store 0bh into 2babh
1768  03F7
1769  03F7 3B           	dec sp		;03f7	Decrement SP (2baah)
1770  03F8 E5           	push hl		;03f8	Store c9h (ret) into 2ba9h (BASIC_LINK)
1771  03F9              			;	Store 0bh into 2ba8h (HORIZ_POS)
1772  03F9
1773  03F9              	if 1
1774  03F9 CD 00 10     	call 1000h  ;03f9   Call ROM B
1775  03FC              	else
1776  03FC ~            	ld a,00ch	;03f9	Load 0ch (ASCII FF) into A
1777  03FC ~            	rst 20h		;03fb	Call PUTCH_RST
1778  03FC ~            			;	This clears the screen and places cursor in
1779  03FC ~            			;	the top left corner
1780  03FC              	endif
1781  03FC
1782  03FC              ; Execution now continues to the NEW command. DE is (probably) set to 0000h
1783  03FC              ; after reset (points to the start of the ROM). Since there is no valid ASCII
1784  03FC              ; string there the code below behaves as if NEW command was called without an
1785  03FC              ; argument.
1786  03FC
1787  03FC              ; 'NEW'
1788  03FC              ; =====
1789  03FC              ; "NEW" BASIC command line command.
1790  03FC
1791  03FC              ;; NEW
1792  03FC              l03fch:
1793  03FC CD D3 0C     	call l0cd3h	;03fc	Read command argument (BASIC offset)
1794  03FF              			;	into HL (if any)
1795  03FF              			;	(call STRING_TO_INT)
1796  03FF
1797  03FF 11 3A 2C     	ld de,02c3ah	;03ff	Load 2c3ah (USER_MEM) into DE
1798  0402 19           	add hl,de	;0402	Add DE to HL
1799  0403
1800  0403 31 3A 2C     	ld sp,02c3ah	;0403	Load 2c3ah (USER_MEM) into SP
1801  0406 E5           	push hl		;0406	Store HL to 2c38 (BASIC_END)
1802  0407 E5           	push hl		;0407	Store HL to 2c36 (BASIC_START)
1803  0408              l0408h:
1804  0408 C3 67 00     	jp l0067h	;0408	Jump to RESET_BASIC
1805  040B
1806  040B              ; 'RUN'
1807  040B              ; =====
1808  040B              ; "RUN" BASIC command line command
1809  040B
1810  040B              ;; RUN
1811  040B              l040bh:
1812  040B CD D3 0C     	call l0cd3h	;040b	Read command argument
1813  040E              			;	(call STRING_TO_INT)
1814  040E
1815  040E ED 5B 36 2C  	ld de,(02c36h)	;040e	Load BASIC_START address into DE
1816  0412              l0412h:
1817  0412 18 0E        	jr l0422h	;0412	Jump to RUN_DO
1818  0414
1819  0414              ; 'CONTINUE'
1820  0414              ; ==========
1821  0414              ; Continue execution of a BASIC program.
1822  0414
1823  0414              ; A call to this function will try to execute the next command on the line
1824  0414              ; or will continue to the next line. If a valid command is found this function
1825  0414              ; never returns. On the other hand if neither ':' nor line end is encountered,
1826  0414              ; it returns.
1827  0414
1828  0414              ;; CONTINUE
1829  0414              l0414h:
1830  0414 32 B5 2B     	ld (02bb5h),a	;0414	Load A into FIXME
1831  0417
1832  0417 DF           	rst 18h		;0417	Call READ_PAR
1833  0418 3A           	db ':'		;0418
1834  0419 03           	db l041dh-$-1	;0419	Check for ':'. If not found jump to CONTINUE_CR
1835  041A
1836  041A              ;; ELSE
1837  041A              l041ah:
1838  041A F1           	pop af		;041a	Remove return address from stack.
1839  041B 18 10        	jr l042dh	;041b	Execute the rest of the line
1840  041D              			;	(jump to RUN_CONT_LINE)
1841  041D
1842  041D              ;; CONTINUE_CR
1843  041D              l041dh:
1844  041D DF           	rst 18h		;041d	Call READ_PAR
1845  041E 0D           	db 00dh		;041e
1846  041F 20           	db l0440h-$-1	;041f	Check for ASCII CR. If not found return.
1847  0420
1848  0420 F1           	pop af		;0420	Remove return address from stack and
1849  0421              			;	execute next BASIC line.
1850  0421
1851  0421              ; 'INTERPRET NEXT LINE OF BASIC'
1852  0421              ; =============================
1853  0421              ; Jump to this location finds the next BASIC line following DE and starts BASIC
1854  0421              ; interpreter at the BASIC.
1855  0421
1856  0421              ;; RUN_NEXT_LINE
1857  0421              l0421h:
1858  0421 EF           	rst 28h		;0421	Call CLEAR_HL
1859  0422
1860  0422              ;; RUN_DO
1861  0422              l0422h:
1862  0422 CD F6 07     	call l07f6h	;0422	Call FIND_LINE_SCOPE
1863  0425
1864  0425 38 E1        	jr c,l0408h	;0425	Jump to RESET_BASIC if line was not found.
1865  0427
1866  0427              ; 'INTERPRET A LINE OF BASIC'
1867  0427              ; =============================
1868  0427              ; Jump to this location starts BASIC interpreter at the BASIC line at DE.
1869  0427
1870  0427              ;; RUN_THIS_LINE
1871  0427              l0427h:
1872  0427 ED 53 9F 2A  	ld (02a9fh),de	;0427	Load DE into BASIC_LINE
1873  042B 13           	inc de		;042b	DE = DE + 2
1874  042C 13           	inc de		;042c	(points to the ASCII part of the line)
1875  042D
1876  042D              ; 'INTERPRET THE REST OF THE LINE'
1877  042D              ; ================================
1878  042D              ; Jump to this location interprets the rest of the line at DE.
1879  042D
1880  042D              ;; RUN_CONT_LINE
1881  042D              l042dh:
1882  042D CD FF 02     	call l02ffh	;042d	Call CHECK_BREAK
1883  0430
1884  0430 DD 21 AC 2A  	ld ix,02aach	;0430	Load ARITHM_STACK into IX
1885  0434
1886  0434 2E 2F        	ld l,(l0f30h-1)&00ffh
1887  0436              			;0434	Load 2fh into L
1888  0436
1889  0436 C3 98 03     	jp l0398h	;0436	Jump to PARSE with pointer to the
1890  0439              			;	BASIC_CMD_TABLE.
1891  0439
1892  0439              ; 'EVALUATE RELATIONAL OPERATORS (cont.)'
1893  0439              ; =======================================
1894  0439              ; Fetches the next expression at DE and compares its value with the top of
1895  0439              ; the stack.
1896  0439
1897  0439              ; Returns:
1898  0439              ;	HL: 0000h
1899  0439              ;	Flags: result of comparisson
1900  0439
1901  0439              ;; EVAL_RELATIONAL_2
1902  0439              l0439h:
1903  0439 CD 8E 06     	call l068eh	;0439	Call EVAL_ARITHMETIC
1904  043C CD 10 0B     	call l0b10h	;043c	Call FP_COMPARE
1905  043F EF           	rst 28h		;043f	Call CLEAR_HL
1906  0440              l0440h:
1907  0440 C9           	ret		;0440	Return
1908  0441
1909  0441              ;; IF
1910  0441              l0441h:
1911  0441 CF           	rst 8			;0441	cf
1912  0442 7C           	ld a,h			;0442	7c 	|
1913  0443 B5           	or l			;0443	b5
1914  0444 20 E7        	jr nz,l042dh		;0444	20 e7
1915  0446 CD 1C 08     	call l081ch		;0446	cd 1c 08
1916  0449
1917  0449              l0449h:
1918  0449 30 DC        	jr nc,l0427h	;0449	Jump to RUN_THIS_LINE
1919  044B 18 BB        	jr l0408h	;044b	...else jump to RESET_BASIC
1920  044D
1921  044D              ; 'COMMENT'
1922  044D              ; =========
1923  044D              ; "!" BASIC command. Does nothing. NOTE: An ELSE with IF also points here.
1924  044D
1925  044D              ;; COMMENT
1926  044D              l044dh:
1927  044D EF           	rst 28h		;044d	Call CLEAR_HL
1928  044E CD 13 08     	call l0813h	;044e	Find next line (call FIND_LINE_NEXT_2)
1929  0451 18 F6        	jr l0449h	;0451
1930  0453
1931  0453              ; 'GOTO'
1932  0453              ; ======
1933  0453              ; "GOTO" BASIC command.
1934  0453
1935  0453              ;; GOTO
1936  0453              l0453h:
1937  0453 CF           	rst 8		;0453	Get command argument
1938  0454 D5           	push de		;0454	Save DE on stack
1939  0455
1940  0455 CD F2 07     	call l07f2h	;0455	Call FIND_LINE.
1941  0458 C2 5B 06     	jp nz,l065bh	;0458	Jump to HOW_RST, if exact line number in
1942  045B              			;	argument was not found.
1943  045B
1944  045B              l045bh:
1945  045B F1           	pop af		;045b	Remove saved DE from stack.
1946  045C 18 C9        	jr l0427h	;045c	Jump to RUN_THIS_LINE.
1947  045E
1948  045E              ; 'LIST'
1949  045E              ; ======
1950  045E              ; "LIST" BASIC command line command.
1951  045E
1952  045E              ;; LIST
1953  045E              l045eh:
1954  045E CD D3 0C     	call l0cd3h	;045e	Read argument into HL (call STRING_TO_INT)
1955  0461
1956  0461              ; Note: if called from KEY, HL contains 0000h.
1957  0461
1958  0461              ;; LIST_KEY
1959  0461              l0461h:
1960  0461 CD ED 02     	call l02edh	;0461	Move cursor to a new line (call NEWLINE)
1961  0464 CD F2 07     	call l07f2h	;0464	Find the required BASIC line (call FIND_LINE)
1962  0467              l0467h:
1963  0467 38 9F        	jr c,l0408h	;0467	Jump to RESET_BASIC if line not found
1964  0469
1965  0469              ; Keep printing BASIC lines as long as RETURN or LIST key is pressed.
1966  0469
1967  0469              ;; LIST_LOOP
1968  0469              l0469h:
1969  0469 CD 31 09     	call l0931h	;0469	Call PRINT_BASIC_LINE
1970  046C CD F6 07     	call l07f6h	;046c	Find the following line (call FIND_LINE_SCOPE)
1971  046F
1972  046F 38 F6        	jr c,l0467h	;046f	Jump to RESET_BASIC if line not found
1973  0471
1974  0471              ;; LIST_KEY_LOOP
1975  0471              l0471h:
1976  0471 CD FF 02     	call l02ffh	;0471	Call CHECK_BREAK
1977  0474
1978  0474 3A 30 20     	ld a,(02030h)	;0474	Load "RETURN" key status into A
1979  0477 21 34 20     	ld hl,02034h	;0477	Load "LIST" key address into HL
1980  047A A6           	and (hl)	;047a
1981  047B 0F           	rrca		;047b
1982  047C 30 EB        	jr nc,l0469h	;047c	If either "RETURN" or "LIST" is pressed, loop
1983  047E              			;	to LIST_LOOP
1984  047E
1985  047E 18 F1        	jr l0471h	;047e	Else loop to LIST_KEY_LOOP
1986  0480
1987  0480              ; 'PRINT'
1988  0480              ; =======
1989  0480              ; "PRINT" BASIC command.
1990  0480
1991  0480              ;; PRINT
1992  0480              l0480h:
1993  0480 DF           	rst 18h		;0480	Call READ_PAR
1994  0481 3A           	db ':'		;0481
1995  0482 05           	db l0488h-$-1	;0482
1996  0483
1997  0483              			;	If ':' follows the PRINT command, just print
1998  0483              			;	a carriage return and continue execution
1999  0483              			;	at the rest of the line.
2000  0483
2001  0483 3E 0D        	ld a,00dh	;0483	Print ASCII CR
2002  0485 E7           	rst 20h		;0485	(call PUTCH_RST)
2003  0486 18 A5        	jr l042dh	;0486	Jump to RUN_CONT_LINE
2004  0488
2005  0488              l0488h:
2006  0488 DF           	rst 18h		;0488	Call READ_PAR
2007  0489 0D           	db 00dh		;0489	(ASCII CR)
2008  048A 46           	db l04d1h-$-1	;048a
2009  048B
2010  048B              			;	Jump to PRINT_DO if there is an argument
2011  048B
2012  048B              			;	Just PRINT without and argument prints a
2013  048B              			;	carriage return.
2014  048B
2015  048B E7           	rst 20h		;048b	Print ASCII CR
2016  048C              l048ch:
2017  048C 18 93        	jr l0421h	;048c	Jump to RUN_NEXT_LINE
2018  048E
2019  048E              ;; PRINTSTR_QUOTE
2020  048E              l048eh:
2021  048E DF           	rst 18h		;048e	Call READ_PAR
2022  048F 22           	db '"'		;048f
2023  0490 54           	db l04e5h-$-1	;0490
2024  0491
2025  0491              			;	If the argument doesn't begin with a quote
2026  0491              			;	evaluate its contents. Jump to FIXME
2027  0491
2028  0491              			;	If the argument begins with a quote, print
2029  0491              			;	the quoted string.
2030  0491
2031  0491 CD 38 09     	call l0938h	;0491	Print string following command ending with
2032  0494              			;	'"'. (call PRINTSTR_A)
2033  0494
2034  0494 20 F6        	jr nz,l048ch	;0494	No closing '"' found. Ignore this error and
2035  0496              			;	jump to RUN_NEXT_LINE
2036  0496
2037  0496 18 15        	jr l04adh	;0496	Jump FIXME
2038  0498              ;; X$
2039  0498              l0498h:
2040  0498 2E 5C        	ld l,05ch		;0498	2e 5c 	. \
2041  049A 01           	db 001h		;049a	Dummy ld bc,nn (skip next instruction)
2042  049B              ;; Y$
2043  049B              l049bh:
2044  049B 2E 60        	ld l,060h	;049b
2045  049D              l049dh:
2046  049D 26 2A        	ld h,02ah		;049d	26 2a 	& *
2047  049F CD 0E 06     	call l060eh		;049f	cd 0e 06
2048  04A2              l04a2h:
2049  04A2 7E           	ld a,(hl)			;04a2	7e 	~
2050  04A3 23           	inc hl			;04a3	23 	#
2051  04A4 B7           	or a			;04a4	b7
2052  04A5 28 06        	jr z,l04adh		;04a5	28 06 	(
2053  04A7 E7           	rst 20h			;04a7	e7
2054  04A8 7D           	ld a,l			;04a8	7d 	}
2055  04A9 E6 0F        	and 00fh		;04a9	e6 0f
2056  04AB 20 F5        	jr nz,l04a2h		;04ab	20 f5
2057  04AD
2058  04AD              l04adh:
2059  04AD DF           	rst 18h		;04ad	Call READ_PAR
2060  04AE 2C           	db ','		;04ae
2061  04AF 1B           	db l04cbh-$-1	;04af
2062  04B0
2063  04B0              l04b0h:
2064  04B0 3A 68 2A     	ld a,(02a68h)		;04b0	3a 68 2a 	: h *
2065  04B3 E6 07        	and 007h		;04b3	e6 07
2066  04B5 28 17        	jr z,l04ceh		;04b5	28 17 	(
2067  04B7 3E 20        	ld a,020h		;04b7	3e 20 	>
2068  04B9 E7           	rst 20h			;04b9	e7
2069  04BA 18 F4        	jr l04b0h		;04ba	18 f4
2070  04BC              ;; AT
2071  04BC              l04bch:
2072  04BC CF           	rst 8			;04bc	cf
2073  04BD 7C           	ld a,h			;04bd	7c 	|
2074  04BE F6 28        	or 028h		;04be	f6 28 	  (
2075  04C0 E6 29        	and 029h		;04c0	e6 29 	  )
2076  04C2 67           	ld h,a			;04c2	67 	g
2077  04C3 22 68 2A     	ld (02a68h),hl		;04c3	22 68 2a 	" h *
2078  04C6 DF           	rst 18h			;04c6	df
2079  04C7 2C           	inc l			;04c7	2c 	,
2080  04C8 02           	ld (bc),a			;04c8	02
2081  04C9 18 03        	jr l04ceh		;04c9	18 03
2082  04CB              l04cbh:
2083  04CB DF           	rst 18h		;04cb	Call READ_PAR
2084  04CC 3B           	db ';'		;04cc
2085  04CD 13           	db l04e1h-$-1	;04cd
2086  04CE
2087  04CE              l04ceh:
2088  04CE CD 14 04     	call l0414h		;04ce	cd 14 04
2089  04D1
2090  04D1              ; 'PRINT (cont.)'
2091  04D1              ; ===============
2092  04D1
2093  04D1              ;; PRINT_DO
2094  04D1              l04d1h:
2095  04D1 2E E0        	ld l,(l0fe1h-1)&00ffh
2096  04D3              			;04d1	Jump to PARSE with pointer to the
2097  04D3 C3 98 03     	jp l0398h	;04d3	BASIC_PRINT_TABLE
2098  04D6
2099  04D6              ; 'HOME'
2100  04D6              ; ======
2101  04D6              ; "HOME" BASIC command
2102  04D6
2103  04D6              ;; HOME
2104  04D6              l04d6h:
2105  04D6 CD D3 0C     	call l0cd3h	;04d6	Get command argument (call STRING_TO_INT)
2106  04D9
2107  04D9 22 6C 2A     	ld (02a6ch),hl	;04d9	Store argument into WINDOW_LEN
2108  04DC
2109  04DC 20 06        	jr nz,l04e4h	;04dc	If there was a non-zero argument, that is all.
2110  04DE              			;	Call BASIC_NEXT
2111  04DE
2112  04DE 3E 0C        	ld a,00ch	;04de	Load ASCII FF into A
2113  04E0 01           	db 001h		;04e0	Dummy "ld bc,nn" (skip next two instructions)
2114  04E1              l04e1h:
2115  04E1 3E 0D        	ld a,00dh	;04e1	Load ASCII CR into A
2116  04E3
2117  04E3 E7           	rst 20h		;04e3	Call PUTCH_RST
2118  04E4              l04e4h:
2119  04E4 F7           	rst 30h		;04e4	Call BASIC_NEXT
2120  04E5
2121  04E5              l04e5h:
2122  04E5 CD 96 03     	call l0396h		;04e5	cd 96 03
2123  04E8 20 07        	jr nz,l04f1h		;04e8	20 07
2124  04EA CD B2 0A     	call l0ab2h		;04ea	cd b2 0a
2125  04ED CD F6 08     	call l08f6h		;04ed	cd f6 08
2126  04F0
2127  04F0              ; following two lines from Diss_019.jpg
2128  04F0 3E           	db 03eh			;04f0	Dummy LD A,
2129  04F1              l04f1h:
2130  04F1 E7           	rst 20h			;04f1	e7 	>
2131  04F2
2132  04F2 18 B9        	jr l04adh		;04f2	18 b9
2133  04F4              ;; CALL
2134  04F4              l04f4h:
2135  04F4 CD 74 09     	call l0974h		;04f4	cd 74 09 	  t
2136  04F7 CF           	rst 8			;04f7	cf
2137  04F8 D5           	push de			;04f8	d5
2138  04F9 CD F2 07     	call l07f2h		;04f9	cd f2 07
2139  04FC C2 5B 06     	jp nz,l065bh		;04fc	c2 5b 06 	  [
2140  04FF 2A 9F 2A     	ld hl,(02a9fh)		;04ff	2a 9f 2a 	*   *
2141  0502 E5           	push hl			;0502	e5
2142  0503 2A A3 2A     	ld hl,(02aa3h)		;0503	2a a3 2a 	*   *
2143  0506 E5           	push hl			;0506	e5
2144  0507 EF           	rst 28h			;0507	ef
2145  0508 22 A1 2A     	ld (02aa1h),hl		;0508	22 a1 2a 	"   *
2146  050B 39           	add hl,sp			;050b	39 	9
2147  050C 22 A3 2A     	ld (02aa3h),hl		;050c	22 a3 2a 	"   *
2148  050F C3 27 04     	jp l0427h		;050f	c3 27 04 	  '
2149  0512              ;; RET
2150  0512              l0512h:
2151  0512 2A A3 2A     	ld hl,(02aa3h)		;0512	2a a3 2a 	*   *
2152  0515 7C           	ld a,h			;0515	7c 	|
2153  0516 B5           	or l			;0516	b5
2154  0517 CA 5A 06     	jp z,l065ah		;0517	ca 5a 06 	  Z
2155  051A F9           	ld sp,hl			;051a	f9
2156  051B E1           	pop hl			;051b	e1
2157  051C 22 A3 2A     	ld (02aa3h),hl		;051c	22 a3 2a 	"   *
2158  051F E1           	pop hl			;051f	e1
2159  0520 22 9F 2A     	ld (02a9fh),hl		;0520	22 9f 2a 	"   *
2160  0523 D1           	pop de			;0523	d1
2161  0524              l0524h:
2162  0524 CD 59 09     	call l0959h		;0524	cd 59 09 	  Y
2163  0527 F7           	rst 30h			;0527	f7
2164  0528              ;; STEP
2165  0528              l0528h:
2166  0528 CF           	rst 8			;0528	cf
2167  0529 01           	db 001h		;0529	Dummy ld bc,nn (skip next two instructions)
2168  052A
2169  052A              l052ah:
2170  052A EF           	rst 28h		;052a
2171  052B 23           	inc hl		;052b
2172  052C 22 91 2A     	ld (02a91h),hl		;052c	22 91 2a 	"   *
2173  052F 2A 9F 2A     	ld hl,(02a9fh)		;052f	2a 9f 2a 	*   *
2174  0532 22 93 2A     	ld (02a93h),hl		;0532	22 93 2a 	"   *
2175  0535 EB           	ex de,hl			;0535	eb
2176  0536 22 95 2A     	ld (02a95h),hl		;0536	22 95 2a 	"   *
2177  0539 01 0A 00     	ld bc,l0005h+5		;0539	01 0a 00
2178  053C 2A A1 2A     	ld hl,(02aa1h)		;053c	2a a1 2a 	*   *
2179  053F EB           	ex de,hl			;053f	eb
2180  0540 EF           	rst 28h			;0540	ef
2181  0541 39           	add hl,sp		;0541	39 	9
2182  0542              ; Following two lines from Diss_019.jph
2183  0542 3E           	db 03eh			;0542	Dummy LD A,
2184  0543              l0543h:
2185  0543 09           	add hl,bc		;0543	09 	>
2186  0544
2187  0544 7E           	ld a,(hl)		;0544	7e 	~
2188  0545 23           	inc hl			;0545	23 	#
2189  0546 B6           	or (hl)			;0546	b6
2190  0547 28 16        	jr z,l055fh		;0547	28 16 	(
2191  0549 7E           	ld a,(hl)			;0549	7e 	~
2192  054A 2B           	dec hl			;054a	2b 	+
2193  054B BA           	cp d			;054b	ba
2194  054C 20 F5        	jr nz,l0543h		;054c	20 f5
2195  054E 7E           	ld a,(hl)			;054e	7e 	~
2196  054F BB           	cp e			;054f	bb
2197  0550 20 F1        	jr nz,l0543h		;0550	20 f1
2198  0552 EB           	ex de,hl			;0552	eb
2199  0553 EF           	rst 28h			;0553	ef
2200  0554 39           	add hl,sp			;0554	39 	9
2201  0555 44           	ld b,h			;0555	44 	D
2202  0556 4D           	ld c,l			;0556	4d 	M
2203  0557 21 0A 00     	ld hl,l0005h+5		;0557	21 0a 00 	!
2204  055A 19           	add hl,de			;055a	19
2205  055B CD 4C 09     	call l094ch		;055b	cd 4c 09 	  L
2206  055E F9           	ld sp,hl			;055e	f9
2207  055F              l055fh:
2208  055F 2A 95 2A     	ld hl,(02a95h)		;055f	2a 95 2a 	*   *
2209  0562 EB           	ex de,hl			;0562	eb
2210  0563 F7           	rst 30h			;0563	f7
2211  0564              ; 'NEXT'
2212  0564              ; ======
2213  0564              ; "NEXT" BASIC command
2214  0564
2215  0564              ;; NEXT
2216  0564              l0564h:
2217  0564 CD 8B 07     	call l078bh	;0564	Call LOCATE_VARIABLE_ERR
2218  0567 22 9B 2A     	ld (02a9bh),hl	;0567	Load variable location into NEXT_VAR
2219  056A              l056ah:
2220  056A D5           	push de		;056a	Save parser address on stack
2221  056B
2222  056B EB           	ex de,hl	;056b	DE = NEXT_VAR
2223  056C
2224  056C 2A A1 2A     	ld hl,(02aa1h)	;056c	Load FOR_POINTER into HL
2225  056F
2226  056F 7C           	ld a,h		;056f
2227  0570 B5           	or l		;0570
2228  0571 CA 5B 06     	jp z,l065bh	;0571	Jump to HOW_RST if FOR_POINTER is 0000h
2229  0574
2230  0574 D7           	rst 10h		;0574	Run CMP_HL_DE
2231  0575
2232  0575 28 09        	jr z,l0580h	;0575	Jump to FIXME if FOR_POINTER == NEXT_VAR
2233  0577
2234  0577 D1           	pop de		;0577	Remove DE from stack
2235  0578
2236  0578 CD 59 09     	call l0959h	;0578	cd 59 09 	  Y
2237  057B 2A 9B 2A     	ld hl,(02a9bh)	;057b	2a 9b 2a 	*   *
2238  057E 18 EA        	jr l056ah	;057e	18 ea
2239  0580
2240  0580              l0580h:
2241  0580 CD 45 0A     	call l0a45h	;0580	Call PUSH_FP
2242  0583 CD 6D 0A     	call l0a6dh	;0583	Call FP_TO_INT
2243  0586
2244  0586 EB           	ex de,hl	;0586	HL = NEXT variable address
2245  0587              			;	DE = NEXT variabe value
2246  0587
2247  0587 2A 91 2A     	ld hl,(02a91h)	;0587	Load FOR_STEP value into HL
2248  058A
2249  058A E5           	push hl		;058a	Save FOR_STEP to the stack
2250  058B
2251  058B 19           	add hl,de	;058b	HL = current NEXT variable value + FOR_STEP
2252  058C
2253  058C E5           	push hl		;058c	Save HL on stack
2254  058D
2255  058D CD BC 0A     	call l0abch	;058d	Call INT_TO_FP
2256  0590
2257  0590 2A A1 2A     	ld hl,(02aa1h)	;0590	Load FOR_POINTER into HL
2258  0593 CD 3B 07     	call l073bh	;0593	Store new value into variable (call POP_FP)
2259  0596
2260  0596 D1           	pop de		;0596	DE = value of the NEXT variable
2261  0597 2A 6E 2A     	ld hl,(02a6eh)	;0597	HL = FOR_TO value
2262  059A F1           	pop af	 	;059a	AF = FOR_STEP
2263  059B
2264  059B 07           	rlca		;059b	07
2265  059C 30 01        	jr nc,l059fh	;059c	30 01 	0
2266  059E
2267  059E EB           	ex de,hl		;059e	eb
2268  059F              l059fh:
2269  059F 7C           	ld a,h			;059f	7c 	|
2270  05A0 AA           	xor d			;05a0	aa
2271  05A1 F2 A5 05     	jp p,l05a5h		;05a1	f2 a5 05
2272  05A4 EB           	ex de,hl			;05a4	eb
2273  05A5              l05a5h:
2274  05A5 D7           	rst 10h			;05a5	d7
2275  05A6 D1           	pop de			;05a6	d1
2276  05A7 DA 24 05     	jp c,l0524h		;05a7	da 24 05 	  $
2277  05AA 2A 93 2A     	ld hl,(02a93h)		;05aa	2a 93 2a 	*   *
2278  05AD 22 9F 2A     	ld (02a9fh),hl		;05ad	22 9f 2a 	"   *
2279  05B0 18 AD        	jr l055fh		;05b0	18 ad
2280  05B2              l05b2h:
2281  05B2 CA 36 07     	jp z,l0736h		;05b2	ca 36 07 	  6
2282  05B5              l05b5h:
2283  05B5 E5           	push hl			;05b5	e5
2284  05B6 CD FC 05     	call l05fch		;05b6	cd fc 05
2285  05B9 38 0F        	jr c,l05cah		;05b9	38 0f 	8
2286  05BB 28 25        	jr z,l05e2h		;05bb	28 25 	( %
2287  05BD E3           	ex (sp),hl			;05bd	e3
2288  05BE C1           	pop bc			;05be	c1
2289  05BF              l05bfh:
2290  05BF 0A           	ld a,(bc)			;05bf	0a
2291  05C0 B7           	or a			;05c0	b7
2292  05C1 28 2A        	jr z,l05edh		;05c1	28 2a 	( *
2293  05C3 03           	inc bc			;05c3	03
2294  05C4 CD 7E 01     	call l017eh		;05c4	cd 7e 01 	  ~
2295  05C7 20 F6        	jr nz,l05bfh		;05c7	20 f6
2296  05C9 C9           	ret			;05c9	c9
2297  05CA              l05cah:
2298  05CA E1           	pop hl			;05ca	e1
2299  05CB DF           	rst 18h			;05cb	df
2300  05CC              ; Following lines from Diss_020.jpg
2301  05CC 22           	db '"'			;05cc
2302  05CD 00           	db 000h			;05cd
2303  05CE              l05ceh:
2304  05CE CD D9 05     	call l05d9h		;05ce	cd d9 05
2305  05D1 28 1A        	jr z,l05edh		;05d1	28 1a 	(
2306  05D3 13           	inc de			;05d3	13
2307  05D4 CD 7E 01     	call l017eh		;05d4	cd 7e 01 	  ~
2308  05D7 20 F5        	jr nz,l05ceh		;05d7	20 f5
2309  05D9              l05d9h:
2310  05D9 1A           	ld a,(de)		;05d9	1a
2311  05DA FE 0D        	cp 00dh		;05da	fe 0d
2312  05DC C8           	ret z			;05dc	c8
2313  05DD FE 22        	cp 022h		;05dd	fe 22 	  "
2314  05DF C0           	ret nz			;05df	c0
2315  05E0 13           	inc de			;05e0	13
2316  05E1 C9           	ret			;05e1	c9
2317  05E2              l05e2h:
2318  05E2 1B           	dec de			;05e2	1b
2319  05E3 CD 96 03     	call l0396h		;05e3	cd 96 03
2320  05E6 28 E2        	jr z,l05cah		;05e6	28 e2 	(
2321  05E8 E1           	pop hl			;05e8	e1
2322  05E9 CD 7E 01     	call l017eh		;05e9	cd 7e 01 	  ~
2323  05EC C8           	ret z			;05ec	c8
2324  05ED              l05edh:
2325  05ED DF           	rst 18h			;05ed	df
2326  05EE 2B           	dec hl			;05ee	2b 	+
2327  05EF 02           	ld (bc),a			;05ef	02
2328  05F0 18 C3        	jr l05b5h		;05f0	18 c3
2329  05F2 36 00        	ld (hl),000h		;05f2	36 00 	6
2330  05F4              l05f4h:
2331  05F4 CD 7F 01     	call l017fh		;05f4	cd 7f 01 	  
2332  05F7 C8           	ret z			;05f7	c8
2333  05F8 36 30        	ld (hl),030h		;05f8	36 30 	6 0
2334  05FA 18 F8        	jr l05f4h		;05fa	18 f8
2335  05FC              l05fch:
2336  05FC CD 25 01     	call l0125h		;05fc	cd 25 01 	  %
2337  05FF D8           	ret c			;05ff	d8
2338  0600              l0600h:
2339  0600 1B           	dec de			;0600	1b
2340  0601 1A           	ld a,(de)			;0601	1a
2341  0602 13           	inc de			;0602	13
2342  0603 FE 29        	cp 029h		;0603	fe 29 	  )
2343  0605 C8           	ret z			;0605	c8
2344  0606 1A           	ld a,(de)			;0606	1a
2345  0607 FE 24        	cp 024h		;0607	fe 24 	  $
2346  0609 28 02        	jr z,l060dh		;0609	28 02 	(
2347  060B              ;; FIXME catch all
2348  060B              l060bh:
2349  060B AF           	xor a			;060b	af
2350  060C C9           	ret			;060c	c9
2351  060D              l060dh:
2352  060D 13           	inc de			;060d	13
2353  060E              l060eh:
2354  060E 7D           	ld a,l			;060e	7d 	}
2355  060F D6 5C        	sub 05ch		;060f	d6 5c 	  \
2356  0611 20 0A        	jr nz,l061dh		;0611	20 0a
2357  0613 2E 70        	ld l,070h		;0613	2e 70 	. p
2358  0615 DF           	rst 18h			;0615	df
2359  0616 28 03        	jr z,l061bh		;0616	28 03 	(
2360  0618 CD 14 01     	call l0114h		;0618	cd 14 01
2361  061B              l061bh:
2362  061B B4           	or h			;061b	b4
2363  061C C9           	ret			;061c	c9
2364  061D              l061dh:
2365  061D FE 07        	cp 007h		;061d	fe 07
2366  061F D2 8F 07     	jp nc,l078fh		;061f	d2 8f 07
2367  0622 2E 80        	ld l,080h		;0622	2e 80 	.
2368  0624 B4           	or h			;0624	b4
2369  0625 C9           	ret			;0625	c9
2370  0626              ;; TAKE
2371  0626              l0626h:
2372  0626 CD FC 05     	call l05fch		;0626	cd fc 05
2373  0629 38 38        	jr c,l0663h		;0629	38 38 	8 8
2374  062B D5           	push de			;062b	d5
2375  062C F5           	push af			;062c	f5
2376  062D E5           	push hl			;062d	e5
2377  062E ED 5B 9D 2A  	ld de,(02a9dh)		;062e	ed 5b 9d 2a 	  [   *
2378  0632 2A 38 2C     	ld hl,(02c38h)		;0632	2a 38 2c 	* 8 ,
2379  0635              l0635h:
2380  0635 DF           	rst 18h			;0635	df
2381  0636 23           	inc hl			;0636	23 	#
2382  0637 02           	ld (bc),a			;0637	02
2383  0638 18 03        	jr l063dh		;0638	18 03
2384  063A DF           	rst 18h			;063a	df
2385  063B 2C           	inc l			;063b	2c 	,
2386  063C 0F           	rrca			;063c	0f
2387  063D              l063dh:
2388  063D E1           	pop hl			;063d	e1
2389  063E F1           	pop af			;063e	f1
2390  063F CD B2 05     	call l05b2h		;063f	cd b2 05
2391  0642              l0642h:
2392  0642 ED 53 9D 2A  	ld (02a9dh),de		;0642	ed 53 9d 2a 	  S   *
2393  0646 D1           	pop de			;0646	d1
2394  0647 DF           	rst 18h			;0647	df
2395  0648 2C           	inc l			;0648	2c 	,
2396  0649 43           	ld b,e			;0649	43 	C
2397  064A 18 DA        	jr l0626h		;064a	18 da
2398  064C              l064ch:
2399  064C 1A           	ld a,(de)			;064c	1a
2400  064D 13           	inc de			;064d	13
2401  064E FE 0D        	cp 00dh		;064e	fe 0d
2402  0650 20 FA        	jr nz,l064ch		;0650	20 fa
2403  0652 13           	inc de			;0652	13
2404  0653 13           	inc de			;0653	13
2405  0654 D7           	rst 10h			;0654	d7
2406  0655 30 DE        	jr nc,l0635h		;0655	30 de 	0
2407  0657 E1           	pop hl			;0657	e1
2408  0658              l0658h:
2409  0658 F1           	pop af			;0658	f1
2410  0659              ; from Diss_020.jph
2411  0659
2412  0659 0E           	db 00eh			;0659	Dummy LD,C
2413  065A
2414  065A              ; '"HOW?" ERROR RESTART'
2415  065A              ; =======================
2416  065A              ; This restart is called when an argument for a function or command is invalid.
2417  065A              ; (for example out of range)
2418  065A
2419  065A              ;; HOW_RST_PUSH_DE
2420  065A              l065ah:
2421  065A D5           	push de		;065a	Push current parser address on stack.
2422  065B
2423  065B              ;; HOW_RST
2424  065B              l065bh:
2425  065B CD 99 07     	call l0799h	;065b	Call BASIC_ERROR
2426  065E 48 4F 57 3F  	dm "HOW?", 00dh ;065e
2426  0662 0D
2427  0663
2428  0663              l0663h:
2429  0663 CF           	rst 8			;0663	cf
2430  0664 D5           	push de			;0664	d5
2431  0665 CD F2 07     	call l07f2h		;0665	cd f2 07
2432  0668 13           	inc de			;0668	13
2433  0669 13           	inc de			;0669	13
2434  066A 18 D6        	jr l0642h		;066a	18 d6
2435  066C              ;; INPUT
2436  066C              l066ch:
2437  066C D5           	push de			;066c	d5
2438  066D 3E 3F        	ld a,03fh		;066d	3e 3f 	> ?
2439  066F CD BD 07     	call l07bdh		;066f	cd bd 07
2440  0672 11 B6 2B     	ld de,02bb6h		;0672	11 b6 2b 	    +
2441  0675 DF           	rst 18h			;0675	df
2442  0676 0D           	dec c			;0676	0d
2443  0677 05           	dec b			;0677	05
2444  0678 D1           	pop de			;0678	d1
2445  0679 CD FC 05     	call l05fch		;0679	cd fc 05
2446  067C F7           	rst 30h			;067c	f7
2447  067D D1           	pop de			;067d	d1
2448  067E D5           	push de			;067e	d5
2449  067F CD FC 05     	call l05fch		;067f	cd fc 05
2450  0682 38 D7        	jr c,l065bh		;0682	38 d7 	8
2451  0684 D5           	push de			;0684	d5
2452  0685 11 B6 2B     	ld de,02bb6h		;0685	11 b6 2b 	    +
2453  0688 CD B2 05     	call l05b2h		;0688	cd b2 05
2454  068B D1           	pop de			;068b	d1
2455  068C F1           	pop af			;068c	f1
2456  068D F7           	rst 30h			;068d	f7
2457  068E
2458  068E              ; 'EVALUATE ARITHMETIC OPERATORS'
2459  068E              ; ===============================
2460  068E              ; Evaluates an arithmetic expression at DE and returns its value on arithmetic
2461  068E              ; stack.
2462  068E
2463  068E              ;; EVAL_ARITHMETIC
2464  068E              l068eh:
2465  068E
2466  068E              ; Start by checking for a leading "+" or "-" character.
2467  068E
2468  068E DF           	rst 18h		;068e	Call READ_PAR
2469  068F 2D           	db '-'		;068f
2470  0690 06           	db l0697h-$-1	;0690
2471  0691
2472  0691              ; Leading "-" sign - add an implicit 0 to arithmetic stack and jump to
2473  0691              ; subtraction.
2474  0691
2475  0691 EF           	rst 28h		;0691	Call CLEAR_HL
2476  0692 CD BC 0A     	call l0abch	;0692	Call INT_TO_FP
2477  0695 18 14        	jr l06abh	;0695	Jump to subtraction
2478  0697
2479  0697              l0697h:
2480  0697 DF           	rst 18h		;0697	Call READ_PAR
2481  0698 2B           	db '+'		;0698
2482  0699 00           	db 000h		;0699
2483  069A
2484  069A              ; Ignore a leading plus sign. Load level 2 value to arithmetic stack.
2485  069A
2486  069A CD B3 06     	call l06b3h	;069a	Call EVAL_LVL2
2487  069D
2488  069D              ; Level 1 - Evaluation of addition and subtraction
2489  069D
2490  069D              ;; EVAL_LVL1
2491  069D              l069dh:
2492  069D DF           	rst 18h		;069d	Call READ_PAR
2493  069E 2B           	db '+'		;069e
2494  069F 08           	db l06a8h-$-1	;069f
2495  06A0
2496  06A0              ; Addition. Load a value from level 2 and add them together
2497  06A0
2498  06A0 CD B3 06     	call l06b3h	;06a0	Call EVAL_LVL2
2499  06A3 CD 32 0B     	call l0b32h	;06a3	Call FP_ADD
2500  06A6 18 F5        	jr l069dh	;06a6	Jump back to EVAL_LVL1
2501  06A8
2502  06A8              l06a8h:
2503  06A8 DF           	rst 18h		;06a8	Call READ_PAR
2504  06A9 2D           	db '-'		;06a9
2505  06AA DF           	db l078ah-$-1	;06aa	Return if operand is neither "+" nor "-"
2506  06AB
2507  06AB              ; Subtraction. Load a value from level 2 and add them together
2508  06AB
2509  06AB              l06abh:
2510  06AB CD B3 06     	call l06b3h	;06ab	Call EVAL_LVL2
2511  06AE CD 1E 0B     	call l0b1eh	;06ae	Call FP_SUB
2512  06B1 18 EA        	jr l069dh	;06b1	Jump back to EVAL_LVL1
2513  06B3
2514  06B3              ; Level 2 - Evaluation of multiplication and division
2515  06B3
2516  06B3              ;; EVAL_LVL2
2517  06B3              l06b3h:
2518  06B3 CD 93 03     	call l0393h	;06b3	Call EVAL_FUNCTIONS
2519  06B6              l06b6h:
2520  06B6 DF           	rst 18h		;06b6	Call READ_PAR
2521  06B7 2A           	db '*'		;06b7
2522  06B8 08           	db l06c1h-$-1	;06b8
2523  06B9
2524  06B9              ; Multiplication
2525  06B9
2526  06B9 CD 93 03     	call l0393h 	;06b9	Call EVAL_FUNCTIONS
2527  06BC CD E6 0A     	call l0ae6h	;06bc	Call FP_MUL
2528  06BF 18 F5        	jr l06b6h	;06bf	Return back to level 2 evaluation
2529  06C1
2530  06C1              l06c1h:
2531  06C1 DF           	rst 18h		;06c1	Call READ_PAR
2532  06C2 2F           	db '/'		;06c2
2533  06C3 C6           	db l078ah-$-1 	;06c3	Return if operand is neither "+" nor "-"
2534  06C4
2535  06C4              ; Division
2536  06C4
2537  06C4 CD 93 03     	call l0393h	;06c4	Call EVAL_FUNCTIONS
2538  06C7 CD F7 0A     	call l0af7h	;06c7	Call FP_DIV
2539  06CA 18 EA        	jr l06b6h	;06ca	Return back to level 2 evaluation
2540  06CC
2541  06CC              ; 'UNDOT'
2542  06CC              ; =======
2543  06CC              ; "UNDOT" BASIC command.
2544  06CC
2545  06CC              ;; UNDOT
2546  06CC              l06cch:
2547  06CC 3E 01        	ld a,001h	;06cc	Load 01h into A (Zf = 0, Sf = 0)
2548  06CE
2549  06CE 01           	db 001h		;06ce	Dummy ld bc,nn (skip next instruction)
2550  06CF
2551  06CF              ; 'DOT'
2552  06CF              ; =====
2553  06CF              ; "DOT" BASIC command.
2554  06CF
2555  06CF              ;; DOT
2556  06CF              l06cfh:
2557  06CF 3E 80        	ld a,080h	;06cf	Load 80h into A (Zf = 0, Sf = 1)
2558  06D1
2559  06D1 F5           	push af		;06d1	Store AF on stack
2560  06D2
2561  06D2 DF           	rst 18h		;06d2	Call READ_PAR
2562  06D3 2A           	db '*'		;06d3
2563  06D4 05           	db l06dah-$-1	;06d4
2564  06D5
2565  06D5              ; DOT* and UNDOT* versions of command: turn clock on or off
2566  06D5
2567  06D5 F1           	pop af		;06d5	Restore AF from stack
2568  06D6
2569  06D6 32 AF 2B     	ld (02bafh),a	;06d6	Store A into CLOCK_ON
2570  06D9 F7           	rst 30h		;06d9	Continue with the next command (call BASIC_NEXT)
2571  06DA
2572  06DA              l06dah:
2573  06DA F1           	pop af		;06da	Restore AF from stack
2574  06DB 06           	db 006h		;06db	Dummy "ld b,nn" (skip next two commands so that
2575  06DC              			;	flags remain unchanged)
2576  06DC
2577  06DC              ; 'DOT FUNCTION'
2578  06DC              ; ==============
2579  06DC              ; "DOT" BASIC function.
2580  06DC
2581  06DC              ;; DOT_FUNC
2582  06DC              l06dch:
2583  06DC AF           	xor a		;06dc	Clear A, set Zf and clear Sf
2584  06DD A7           	and a		;06dd
2585  06DE
2586  06DE              ; Meaning of flags at this point:
2587  06DE              ;
2588  06DE              ; Zf	Sf	function
2589  06DE              ; -----------------------------------------
2590  06DE              ; 1	x	Query pixel (DOT function)
2591  06DE              ; 0	0	Clear pixel (UNDOT command)
2592  06DE              ; 0	1	Draw pixel  (DOT command)
2593  06DE
2594  06DE F5           	push af		;06de	Save A on stack
2595  06DF
2596  06DF CF           	rst 8		;06df	Get X coordinate (call EVAL_INT_EXP)
2597  06E0 E5           	push hl		;06e0	Save X on stack
2598  06E1
2599  06E1 CD 05 00     	call l0005h	;06e1	Get Y coordinate (call EVAL_INT_EXP_NEXT)
2600  06E4 D5           	push de		;06e4	Save DE on stack
2601  06E5 EB           	ex de,hl	;06e5	Move Y to DE (actually E, since Y < 48)
2602  06E6
2603  06E6 01 20 00     	ld bc,32	;06e6	Load 32 into BC
2604  06E9
2605  06E9 1C           	inc e		;06e9	Increment E
2606  06EA 21 00 28     	ld hl,02800h	;06ea	Load VIDEO_MEM into HL
2607  06ED
2608  06ED              ; HL = 2800h + 32 * (E / 3)
2609  06ED              ; A = 1 << (E % 3)
2610  06ED
2611  06ED              ;; DOT_DIV_3_LOOP
2612  06ED              l06edh:
2613  06ED 16 03        	ld d,3		;06ed	Load 3 into D
2614  06EF 3E 01        	ld a,1		;06ef	Load 1 into A
2615  06F1
2616  06F1              ;; DOT_DIV_1_LOOP
2617  06F1              l06f1h:
2618  06F1 1D           	dec e		;06f1	Decrement E
2619  06F2 28 0A        	jr z,l06feh	;06f2	Break from loop if E = 0
2620  06F4
2621  06F4 07           	rlca		;06f4	Rotate A left 2 times
2622  06F5 07           	rlca		;06f5
2623  06F6
2624  06F6 15           	dec d		;06f6	Decrement D, loop to DOT_DIV_1_LOOP if not zero
2625  06F7 20 F8        	jr nz,l06f1h	;06f7
2626  06F9
2627  06F9 09           	add hl,bc	;06f9	Add 32 to HL for each 3 decrements of E
2628  06FA CB 8C        	res 1,h		;06fa	HL = HL & 01ff
2629  06FC 18 EF        	jr l06edh	;06fc	Loop to DOT_DIV_3_LOOP
2630  06FE
2631  06FE              ; HL contains address of the character line that holds the required graphics
2632  06FE              ; coordinates.
2633  06FE
2634  06FE              l06feh:
2635  06FE 47           	ld b,a		;06fe	Save A to B (?)
2636  06FF D1           	pop de		;06ff	Restore DE from stack
2637  0700
2638  0700 E3           	ex (sp),hl	;0700	Save line address to stack, move X to HL
2639  0701
2640  0701 CB BD        	res 7,l		;0701	X = X & 001f
2641  0703 CB B5        	res 6,l		;0703
2642  0705
2643  0705 CB 3D        	srl l		;0705	X = X / 2
2644  0707
2645  0707 30 01        	jr nc,l070ah	;0707	Shift A left if X odd
2646  0709 07           	rlca		;0709
2647  070A              l070ah:
2648  070A
2649  070A 26 00        	ld h,000h	;070a	Clear H
2650  070C
2651  070C C1           	pop bc		;070c	Get line address from stack
2652  070D 09           	add hl,bc	;070d	Add X / 2.
2653  070E
2654  070E 47           	ld b,a		;070e	Save A to B
2655  070F
2656  070F F1           	pop af		;070f	Restore flags from stack
2657  0710 78           	ld a,b		;0710
2658  0711
2659  0711              ; HL now contains the address of the character, A contains the bitmask.
2660  0711
2661  0711 20 0C        	jr nz,l071fh	;0711	If Zf not set, jump to DOT_DRAW_OR_CLEAR
2662  0713
2663  0713              ; Check if pixel is set and return a floating point value 1 or 0
2664  0713
2665  0713 CB 7E        	bit 7,(hl)	;0713	If (HL) is not graphics character (bit 7 not
2666  0715 28 01        	jr z,l0718h	;0715	set), jump over and return 0.
2667  0717
2668  0717 A6           	and (hl)	;0717	Check if bit in A is set in (HL)
2669  0718              l0718h:
2670  0718 EF           	rst 28h		;0718	Call CLEAR_HL
2671  0719
2672  0719 28 01        	jr z,l071ch	;0719	If bit was set HL = 1 else HL = 0
2673  071B 23           	inc hl		;071b
2674  071C              l071ch:
2675  071C C3 BC 0A     	jp l0abch	;071c	Jump to INT_TO_FP and return
2676  071F
2677  071F              ; Draw or clear the pixel
2678  071F
2679  071F              ;; DOT_DRAW_OR_CLEAR
2680  071F              l071fh:
2681  071F F5           	push af		;071f	Save flags on stack
2682  0720
2683  0720 CB 7E        	bit 7,(hl)	;0720	If (HL) is not already a graphics character
2684  0722 20 02        	jr nz,l0726h	;0722	write a blank character (80h).
2685  0724 36 80        	ld (hl),080h	;0724
2686  0726              l0726h:
2687  0726
2688  0726 F1           	pop af		;0726	Restore flags from stack
2689  0727 FA 2D 07     	jp m,l072dh	;0727	If sign negative, draw a pixel, else clear
2690  072A              			;	a pixel.
2691  072A
2692  072A 2F           	cpl		;072a	Clear bit in A in (HL)
2693  072B A6           	and (hl)	;072b
2694  072C 06           	db 006h		;072c	Dummy ld b,nn (skip next instruction)
2695  072D              l072dh:
2696  072D B6           	or (hl)		;072d	Set bit in A in (HL)
2697  072E
2698  072E 77           	ld (hl),a	;072e	Store result back to (HL)
2699  072F F7           	rst 30h		;072f	Continue with the next command (call BASIC_NEXT)
2700  0730
2701  0730              l0730h:
2702  0730 CD 8B 07     	call l078bh	;0730	Call LOCATE_VARIABLE_ERR
2703  0733
2704  0733 DF           	rst 18h		;0733	Call READ_PAR
2705  0734 3D           	db '='		;0734
2706  0735 59           	db l078fh-$-1	;0735	Else jump to WHAT_RST
2707  0736
2708  0736              l0736h:
2709  0736 E5           	push hl			;0736	e5
2710  0737 CD B2 0A     	call l0ab2h		;0737	cd b2 0a
2711  073A E1           	pop hl			;073a	e1
2712  073B
2713  073B              ; 'POP FLOATING POINT NUMBER FROM STACK'
2714  073B              ; ======================================
2715  073B              ; Fetches a floating point number from the top of the arithmetic stack and
2716  073B              ; stores it in 4-byte format at (HL).
2717  073B
2718  073B              ; IX Offset	0	1	2	3	4
2719  073B              ; ---------------------------------------------------
2720  073B              ;		24 bit mantissa	(MSB)	Exp	Sign
2721  073B
2722  073B              ; IX Offset	0        1        2	   3        4
2723  073B              ; -------------------------------------------------------------
2724  073B              ;		MMMMMMMM MMMMMMMM 1MMMMMMM EEEEEEEE S0000000
2725  073B              ;		(LSB)		  (MSB)
2726  073B
2727  073B              ; HL Offset	0        1        2	   3
2728  073B              ; --------------------------------------------------
2729  073B              ;		MMMMMMMM MMMMMMMM EMMMMMMM SEEEEEEE
2730  073B              ;		(LSB)		  (MSB)
2731  073B
2732  073B              ;; POP_FP
2733  073B              l073bh:
2734  073B CD 0E 09     	call l090eh	;073b	Call SUB_IX_5
2735  073E
2736  073E 01 04 00     	ld bc,0004h	;073e	Load 4 into BC
2737  0741 D5           	push de		;0741	Save HL and DE to stack
2738  0742 E5           	push hl		;0742
2739  0743
2740  0743 EB           	ex de,hl	;0743	Store HL to DE
2741  0744 DD E5        	push ix		;0744   Store IX to HL
2742  0746 E1           	pop hl		;0746
2743  0747
2744  0747 ED B0        	ldir		;0747	Transfer 4 bytes from (IX) to (HL)
2745  0749              			;	DE = DE_orig + 4
2746  0749
2747  0749 EB           	ex de,hl	;0749	Restore HL and DE
2748  074A
2749  074A 2B           	dec hl		;074a	HL = HL_orig + 2
2750  074B 2B           	dec hl		;074b
2751  074C CB 16        	rl (hl)		;074c	Rotate left (HL_orig + 2)
2752  074E
2753  074E 23           	inc hl		;074e	HL = HL_orig + 3
2754  074F DD 7E 04     	ld a,(ix+4)	;074f	Sign bit to Cf
2755  0752 17           	rla		;0752
2756  0753 CB 1E        	rr (hl)		;0753	Store sign bit to MSB of (HL_orig + 3)
2757  0755              			;	LSB of exponent to Cf.
2758  0755
2759  0755 2B           	dec hl		;0755	HL = HL_orig + 2
2760  0756 CB 1E        	rr (hl)		;0756	Store LSB of exponent in MSB of (HL_orig + 2)
2761  0758
2762  0758 E1           	pop hl		;0758	Restore HL and DE from stack
2763  0759 D1           	pop de		;0759
2764  075A C9           	ret		;075a	Return
2765  075B
2766  075B              ;; CATCH-ALL-COMMAND
2767  075B              l075bh:
2768  075B CD FC 05     	call l05fch		;075b	cd fc 05
2769  075E 38 08        	jr c,l0768h		;075e	38 08 	8
2770  0760 F5           	push af			;0760	f5
2771  0761 DF           	rst 18h			;0761	df
2772  0762 3D           	dec a			;0762	3d 	=
2773  0763 2B           	dec hl			;0763	2b 	+
2774  0764 F1           	pop af			;0764	f1
2775  0765 CD B2 05     	call l05b2h		;0765	cd b2 05
2776  0768              l0768h:
2777  0768 F7           	rst 30h			;0768	f7
2778  0769
2779  0769              ;; PTR
2780  0769              l0769h:
2781  0769 62           	ld h,d			;0769	62 	b
2782  076A 6B           	ld l,e			;076a	6b 	k
2783  076B CD FC 05     	call l05fch		;076b	cd fc 05
2784  076E 18 AC        	jr l071ch		;076e	18 ac
2785  0770              ;; VAL
2786  0770              l0770h:
2787  0770 D5           	push de			;0770	d5
2788  0771 EB           	ex de,hl			;0771	eb
2789  0772 CD B2 0A     	call l0ab2h		;0772	cd b2 0a
2790  0775 D1           	pop de			;0775	d1
2791  0776 C9           	ret			;0776	c9
2792  0777
2793  0777              ; 'BASIC NUMERIC EXPRESSION EVALUATION'
2794  0777              ; =====================================
2795  0777              ; This function is called if no other BASIC function matches. It evaluates a
2796  0777              ; numeric expression at DE.
2797  0777
2798  0777              ;; NUMBER
2799  0777              l0777h:
2800  0777 CD 25 01     	call l0125h	;0777	Call LOCATE_VARIABLE
2801  077A
2802  077A D2 45 0A     	jp nc,l0a45h	;077a	Store variable contents on stack and return
2803  077D              			;	(call PUSH_FP)
2804  077D
2805  077D              ; Not a variable
2806  077D
2807  077D CD A2 01     	call l01a2h	;077d	Call STRING_TO_FP
2808  0780 C0           	ret nz		;0780	Return if valid.
2809  0781
2810  0781              ; Not a constant
2811  0781
2812  0781              ; 'EVALUATE PARENTHESIS'
2813  0781              ; ======================
2814  0781              ; This function evaluates an expression enclosed in parenthesis at DE
2815  0781              ; and returns its value on the top of arithmetic stack.
2816  0781
2817  0781              ;; EVAL_PAREN
2818  0781              l0781h:
2819  0781 DF           	rst 18h		;0781	Call READ_PAR
2820  0782 28           	db '('		;0782
2821  0783 0B           	db l078fh-$-1	;0783	If '(' not found, jump to WHAT_RST
2822  0784
2823  0784 CD B2 0A     	call l0ab2h	;0784	Call EVAL_EXPRESSION
2824  0787
2825  0787 DF           	rst 18h		;0787	Call READ_PAR
2826  0788 29           	db ')'		;0788
2827  0789 01           	db l078bh-$-1	;0789
2828  078A
2829  078A              l078ah:
2830  078A C9           	ret		;078a	Return if closing ')' found
2831  078B
2832  078B              ; Closing ')' not found.
2833  078B
2834  078B              ; 'LOCATE VARIABLE OR ERROR'
2835  078B              ; ==========================
2836  078B              ; Like LOCATE_VARIABLE, but jumps to "WHAT?" error if variable is not found.
2837  078B
2838  078B              ;; LOCATE_VARIABLE_ERR
2839  078B              l078bh:
2840  078B CD 25 01     	call l0125h	;078b	Call LOCATE_VARIABLE
2841  078E
2842  078E D0           	ret nc		;078e	Return if variable found, else continue to
2843  078F              			;	WHAT_RST
2844  078F
2845  078F              ; '"WHAT?" ERROR RESTART'
2846  078F              ; =======================
2847  078F              ; This restart is called when an unknown function or command is called.
2848  078F
2849  078F              ;; WHAT_RST
2850  078F              l078fh:
2851  078F D5           	push de			;078f	Store current parser address on stack.
2852  0790
2853  0790 CD 99 07     	call l0799h		;0790	Store address of the "WHAT?" string
2854  0793              				;	on the stack and call BASIC_ERROR.
2855  0793
2856  0793 57 48 41 54  	dm "WHAT?", 00dh	;0793
2856  0797 3F 0D
2857  0799
2858  0799              ; 'BASIC ERROR'
2859  0799              ; =============
2860  0799              ; Pointer to the error message is the first 16 bit value on the CPU stack.
2861  0799              ; Current parser address is the second 16 bit value on the CPU stack.
2862  0799
2863  0799              ;; BASIC_ERROR
2864  0799              l0799h:
2865  0799 D1           	pop de		;0799	Load address of the error message into DE
2866  079A
2867  079A CD 37 09     	call l0937h	;079a	Call PRINTSTR
2868  079D
2869  079D ED 5B 9F 2A  	ld de,(02a9fh)	;079d	Load BASIC_LINE into DE
2870  07A1
2871  07A1 7B           	ld a,e		;07a1
2872  07A2 B2           	or d		;07a2	Set Z flag if BASIC_LINE is zero.
2873  07A3
2874  07A3 21 17 03     	ld hl,l0317h	;07a3	Load RESET_BASIC_2 address into
2875  07A6 E3           	ex (sp),hl	;07a6	the address at the top of the stack
2876  07A7              			;	and store stack value into HL.
2877  07A7
2878  07A7              			;	Top of the stack stores the current parser
2879  07A7              			;	address or return address of the calling
2880  07A7              			;	function.
2881  07A7
2882  07A7 C8           	ret z		;07a7	Return into RESET_BASIC_2 if BASIC_LINE = 0
2883  07A8
2884  07A8 D7           	rst 10h		;07a8	Call CMP_HL_DE
2885  07A9
2886  07A9 D8           	ret c		;07a9	Return into RESET_BASIC_2 if
2887  07AA              			;	BASIC_LINE > current parser address
2888  07AA
2889  07AA              			;	(stack did not contain a valid parser address)
2890  07AA
2891  07AA 4E           	ld c,(hl)	;07aa	Save character at current parser addr. into C
2892  07AB C5           	push bc		;07ab	Store BC on stack
2893  07AC
2894  07AC 36 00        	ld (hl),000h	;07ac	Store 00h (ASCII NUL) to current parser addr.
2895  07AE E5           	push hl		;07ae	Store HL on stack
2896  07AF
2897  07AF CD 31 09     	call l0931h	;07af	Call PRINT_BASIC_LINE
2898  07B2
2899  07B2 E1           	pop hl		;07b2	Restore BC and HL from stack.
2900  07B3 C1           	pop bc		;07b3
2901  07B4
2902  07B4 3E 3F        	ld a,03fh	;07b4	Load ASCII '?' into A
2903  07B6
2904  07B6
2905  07B6
2906  07B6              l07b6h:
2907  07B6 1B           	dec de		;07b6	DE = BASIC_LINE - 1
2908  07B7 71           	ld (hl),c	;07b7	Restore character at the current parser
2909  07B8              			;	address.
2910  07B8
2911  07B8 C3 36 09     	jp l0936h	;07b8	Jump to	PUTCH_PRINTSTR and return into
2912  07BB              			;	RESET_BASIC_2
2913  07BB
2914  07BB              ; 'GET STRING FROM KEYBOARD'
2915  07BB              ; ==========================
2916  07BB              ; This function reads a string from the keyboard into the input buffer. String
2917  07BB              ; is terminated with ASCII CR. Some minimal editing is supported ("LEFT" key
2918  07BB              ; acts as a backspace, "SHIFT-DELECT" clears the buffer and screen)
2919  07BB
2920  07BB              ; Returns:
2921  07BB              ;	DE: Address of the last character in the string + 1
2922  07BB
2923  07BB              ;; GETSTR
2924  07BB              l07bbh:
2925  07BB 3E 3E        	ld a,'>'	;07bb	Load prompt into A
2926  07BD
2927  07BD              l07bdh:
2928  07BD 11 B6 2B     	ld de,02bb6h	;07bd	Load INPUT_BUFFER address into DE
2929  07C0 E7           	rst 20h		;07c0 	Display prompt.
2930  07C1
2931  07C1              ;; GETSTR_LOOP_CURS
2932  07C1              l07c1h:
2933  07C1 D9           	exx		;07c1
2934  07C2 36 5F        	ld (hl),'_'	;07c2	Print cursor at location (HL')
2935  07C4 D9           	exx		;07c4	Note: HL' is set by PUTCH_RST.
2936  07C5
2937  07C5              ;; GETSTR_LOOP
2938  07C5              l07c5h:
2939  07C5 CD F5 0C     	call l0cf5h	;07c5	Read a key and print it (call KEY)
2940  07C8 E7           	rst 20h		;07c8	(call PUTCH_RST)
2941  07C9
2942  07C9 D9           	exx		;07c9
2943  07CA 36 5F        	ld (hl),'_'	;07ca	Print cursor
2944  07CC D9           	exx		;07cc
2945  07CD
2946  07CD FE 0D        	cp 00dh		;07cd
2947  07CF 28 0C        	jr z,l07ddh	;07cf	"ENTER" pressed, jump to GETSTR_ADD
2948  07D1
2949  07D1 FE 1D        	cp 01dh		;07d1
2950  07D3 28 15        	jr z,l07eah	;07d3	"LEFT" pressed, jump to GETSTR_BACKSPACE
2951  07D5
2952  07D5 FE 0C        	cp 00ch		;07d5
2953  07D7 28 E2        	jr z,l07bbh	;07d7	"SHIFT-DELETE" pressed - begin from the start
2954  07D9
2955  07D9 FE 20        	cp 020h		;07d9
2956  07DB 38 E8        	jr c,l07c5h	;07db	Ignore if key code is less than 20h otherwise
2957  07DD
2958  07DD              ;; GETSTR_ADD
2959  07DD              l07ddh:
2960  07DD 12           	ld (de),a	;07dd	Load ASCII code of the pressed key into the
2961  07DE 13           	inc de		;07de	buffer and increment DE
2962  07DF
2963  07DF FE 0D        	cp 00dh		;07df	If "ENTER" was pressed, return.
2964  07E1 C8           	ret z		;07e1
2965  07E2
2966  07E2 7B           	ld a,e		;07e2	Compare DE with 2c36h (end of buffer)
2967  07E3 FE 34        	cp 034h		;07e3
2968  07E5
2969  07E5 20 DE        	jr nz,l07c5h	;07e5	If end of buffer not reached,
2970  07E7              			;	loop to GETSTR_LOOP...
2971  07E7
2972  07E7 3E 1D        	ld a,01dh	;07e7	...else delete last pressed character from the
2973  07E9 E7           	rst 20h		;07e9	   screen and buffer.
2974  07EA
2975  07EA              ;; GETSTR_BACKSPACE
2976  07EA              l07eah:
2977  07EA 7B           	ld a,e		;07ea	Compare DE with 2bb6h (start of buffer)
2978  07EB FE B6        	cp 0b6h		;07eb
2979  07ED 28 CC        	jr z,l07bbh	;07ed	If not at start of buffer decrement DE
2980  07EF 1B           	dec de		;07ef
2981  07F0 18 CF        	jr l07c1h	;07f0	Jump to GETSTR_LOOP_CURS
2982  07F2
2983  07F2              ; 'FIND BASIC LINE'
2984  07F2              ; =================
2985  07F2              ; Finds BASIC line with line number equal or greater than HL in the entire
2986  07F2              ; BASIC code.
2987  07F2
2988  07F2              ;; FIND_LINE
2989  07F2              l07f2h:
2990  07F2 ED 5B 36 2C  	ld de,(02c36h)	;07f2	Load BASIC_START into DE and continue with
2991  07F6              			;	FIND_LINE_SCOPE
2992  07F6
2993  07F6              ; 'FIND BASIC LINE IN SCOPE'
2994  07F6              ; ==========================
2995  07F6              ; Finds BASIC line with line number equal or greater than HL, starting at DE.
2996  07F6              ; If line number was not found after DE, Cf is set.
2997  07F6
2998  07F6              ; Parameters:
2999  07F6              ;	DE: Pointer to the start of a BASIC line where the search starts.
3000  07F6              ;	HL: Line number to find.
3001  07F6              ; Returns:
3002  07F6              ;	DE: Pointer to the start of the BASIC line if a matching line number
3003  07F6              ;           is found
3004  07F6              ;	Cf: Set if line number was not found.
3005  07F6              ;	Zf: Set if line number found is equal to HL.
3006  07F6
3007  07F6              ;; FIND_LINE_SCOPE
3008  07F6              l07f6h:
3009  07F6 E5           	push hl		;07f6	Save HL on stack
3010  07F7
3011  07F7              ; Check if DE is within the expected margins of the BASIC program.
3012  07F7
3013  07F7 2A 36 2C     	ld hl,(02c36h)	;07f7	Load BASIC_START-1 into HL
3014  07FA 2B           	dec hl		;07fa
3015  07FB
3016  07FB D7           	rst 10h		;07fb	(call CMP_HL_DE)
3017  07FC D2 17 03     	jp nc,l0317h	;07fc	Jump to RESET_BASIC_2 if DE < BASIC_START
3018  07FF
3019  07FF 2A 38 2C     	ld hl,(02c38h)	;07ff	Load BASIC_END-1 into HL
3020  0802 2B           	dec hl		;0802
3021  0803
3022  0803 D7           	rst 10h		;0803	(call CMP_HL_DE)
3023  0804
3024  0804 E1           	pop hl		;0804	Restore HL
3025  0805
3026  0805 D8           	ret c		;0805	Return if DE >= BASIC_END
3027  0806
3028  0806 1A           	ld a,(de)	;0806	Subtract HL from 16-bit line number at (DE)
3029  0807 95           	sub l		;0807
3030  0808 47           	ld b,a		;0808
3031  0809 13           	inc de		;0809
3032  080A 1A           	ld a,(de)	;080a
3033  080B 9C           	sbc a,h		;080b	BA = (DE)-HL
3034  080C
3035  080C              l080ch:
3036  080C 38 04        	jr c,l0812h	;080c	Jump to FIND_LINE_NEXT if HL > line number
3037  080E
3038  080E 1B           	dec de		;080e	Decrement DE
3039  080F
3040  080F B0           	or b		;080f	Check if HL is equal to line number at (DE)
3041  0810
3042  0810 C9           	ret		;0810	Return
3043  0811
3044  0811              l0811h:
3045  0811 13           	inc de		;0811	Increment DE
3046  0812
3047  0812              ; Increments DE until start of the next BASIC line.
3048  0812
3049  0812              ;; FIND_LINE_NEXT
3050  0812              l0812h:
3051  0812 13           	inc de		;0812	Increment DE (points to first character after
3052  0813              			;	line number)
3053  0813
3054  0813              ; 'FIND NEXT BASIC LINE'
3055  0813              ; ========================
3056  0813              ; A call to this location moves DE to the start of the next BASIC line if
3057  0813              ; HL contains 0000h.
3058  0813
3059  0813              ;; FIND_LINE_NEXT_2
3060  0813              l0813h:
3061  0813 1A           	ld a,(de)	;0813	Load character into A
3062  0814
3063  0814 FE 0D        	cp 00dh		;0814
3064  0816 20 FA        	jr nz,l0812h	;0816	Loop until equal to CR
3065  0818
3066  0818              l0818h:
3067  0818 13           	inc de		;0818	Increment DE (points to line number of the next
3068  0819              			;	line)
3069  0819
3070  0819 18 DB        	jr l07f6h	;0819	Loop
3071  081B
3072  081B              ;; FIXME: catch all
3073  081B              l081bh:
3074  081B 13           	inc de			;081b	13
3075  081C              l081ch:
3076  081C 1A           	ld a,(de)			;081c	1a
3077  081D EF           	rst 28h			;081d	ef
3078  081E FE 0D        	cp 00dh		;081e	fe 0d
3079  0820 28 F6        	jr z,l0818h		;0820	28 f6 	(
3080  0822 FE 21        	cp 021h		;0822	fe 21 	  !
3081  0824 28 EC        	jr z,l0812h		;0824	28 ec 	(
3082  0826 FE 22        	cp 022h		;0826	fe 22 	  "
3083  0828 20 0A        	jr nz,l0834h		;0828	20 0a
3084  082A              l082ah:
3085  082A 13           	inc de			;082a	13
3086  082B 1A           	ld a,(de)			;082b	1a
3087  082C FE 0D        	cp 00dh		;082c	fe 0d
3088  082E 28 E8        	jr z,l0818h		;082e	28 e8 	(
3089  0830 FE 22        	cp 022h		;0830	fe 22 	  "
3090  0832 20 F6        	jr nz,l082ah		;0832	20 f6
3091  0834              l0834h:
3092  0834 FE 45        	cp 045h		;0834	fe 45 	  E
3093  0836 20 E3        	jr nz,l081bh		;0836	20 e3
3094  0838 2E F6        	ld l,0f6h		;0838	2e f6 	.
3095  083A C3 98 03     	jp l0398h		;083a	c3 98 03
3096  083D
3097  083D              ; 'PRINT A FLOATING POINT NUMBER (cont.)'
3098  083D              ; =======================================
3099  083D              ; Prints a floating point number on the top of the arithmetic stack at the
3100  083D              ; current cursor position. Number must not be zero.
3101  083D
3102  083D              ; IX Offset	-5	-4	-3	-2	-1
3103  083D              ; ---------------------------------------------------
3104  083D              ;		24 bit mantissa	(MSB)	Exp	Sign
3105  083D
3106  083D              ;; PRINTFP_DO
3107  083D
3108  083D
3109  083D              ; First print the sign character and make the floating point number positive.
3110  083D
3111  083D              l083dh:
3112  083D DD 7E FF     	ld a,(ix-1)	;083d	Load sign bit into A
3113  0840 A7           	and a		;0840
3114  0841 3E 20        	ld a,' '	;0841	If sign is positive, store ASCII ' ' in A
3115  0843              			;	else store ASCII '-'.
3116  0843 28 02        	jr z,l0847h	;0843
3117  0845 3E 2D        	ld a,'-'	;0845
3118  0847              l0847h:
3119  0847
3120  0847 E7           	rst 20h		;0847	Print sign character (call PUTCH_RST)
3121  0848
3122  0848 AF           	xor a		;0848
3123  0849 DD 77 FF     	ld (ix-1),a	;0849	Clear sign bit.
3124  084C
3125  084C 3D           	dec a		;084c	A = -1
3126  084D
3127  084D              ; Convert the number into floating point format with base of exponent 10.
3128  084D
3129  084D              ;; PRINTFP_MUL10_LOOP
3130  084D              l084dh:
3131  084D F5           	push af		;084d	Store AF to stack
3132  084E
3133  084E 21 2C 00     	ld hl,l002ch	;084e	Load FP_ONE_OVER_TEN address into HL
3134  0851
3135  0851 CD 05 0B     	call l0b05h	;0851	Call FP_COMPARE_HL
3136  0854
3137  0854 30 0D        	jr nc,l0863h	;0854	If number printed is greater or equal to 0.1,
3138  0856              			;	jump to next step.
3139  0856
3140  0856 CD E3 0A     	call l0ae3h	;0856	Multiply number by 10 (call FP_MUL_10)
3141  0859
3142  0859 F1           	pop af		;0859	Restore AF from stack
3143  085A
3144  085A 3D           	dec a		;085a	Decrement A
3145  085B
3146  085B 18 F0        	jr l084dh	;085b	Jump to PRINTFP_MUL10_LOOP
3147  085D
3148  085D              ;; PRINTFP_DIV10_LOOP
3149  085D              l085dh:
3150  085D CD F4 0A     	call l0af4h	;085d	Divide number by 10 (call FP_DIV_10)
3151  0860 F1           	pop af		;0860	Restore AF from stack
3152  0861 3C           	inc a		;0861	Increment A
3153  0862 F5           	push af		;0862	Save AF to stack
3154  0863
3155  0863              l0863h:
3156  0863 21 A0 00     	ld hl,l00a0h	;0863	Load FP_ONE address into HL
3157  0866 CD 05 0B     	call l0b05h	;0866	Call FP_COMPARE_HL
3158  0869
3159  0869 30 F2        	jr nc,l085dh	;0869	If number is greater or equal to 1,
3160  086B              			;	jump to PRINTFP_DIV10_LOOP
3161  086B
3162  086B              ; M = abs( N * 10^(-1 - A) )
3163  086B
3164  086B              ; 1 > M >= 0.1
3165  086B
3166  086B              ; where N is the original number, and M is the number in HL' C' HL and at the
3167  086B              ; top of the arithmetic stack. A is stored at the top of the arithmetic stack.
3168  086B
3169  086B DD 7E FE     	ld a,(ix-2)	;086b	Load negative exponent (base 2) into A
3170  086E ED 44        	neg		;086e
3171  0870
3172  0870              ; Apply base 2 exponent to the number's mantissa
3173  0870
3174  0870              ;; PRINTFP_APPLY_EXP2
3175  0870              l0870h:
3176  0870 28 0B        	jr z,l087dh	;0870	Break from loop if exponent is zero.
3177  0872 D9           	exx		;0872
3178  0873 CB 39        	srl c		;0873	Shift mantissa right (divide by 2)
3179  0875 CB 1C        	rr h		;0875
3180  0877 CB 1D        	rr l		;0877
3181  0879 D9           	exx		;0879
3182  087A 3D           	dec a		;087a	Decrement exponent
3183  087B 18 F3        	jr l0870h	;087b	Loop to PRINTFP_APPLY_EXP2
3184  087D
3185  087D
3186  087D              ; M = O * 2^(-24)
3187  087D
3188  087D              ; where O is the number in HL' C'
3189  087D
3190  087D              ; Build 8 digit binary-coded decimal at the top of the arithmetic stack
3191  087D
3192  087D              l087dh:
3193  087D 06 07        	ld b,7		;087d	B = 7
3194  087F DD E5        	push ix		;087f	HL = IX (top of arithmetic stack)
3195  0881 E1           	pop hl		;0881
3196  0882 36 00        	ld (hl),000h	;0882	Load 0 into first BCD digit.
3197  0884 23           	inc hl		;0884	Increment HL
3198  0885
3199  0885              ; This loop multiplies O by 10 in each iteration and stores the part of O
3200  0885              ; that is before decimal point into (HL)
3201  0885
3202  0885              ;; PRINTFP_BCD_LOOP
3203  0885              l0885h:
3204  0885
3205  0885 AF           	xor a		;0885	Clear A
3206  0886 CD 4F 02     	call l024fh	;0886	Call FP_MUL_10_ADD_A
3207  0889
3208  0889 D9           	exx		;0889
3209  088A 78           	ld a,b		;088a
3210  088B D9           	exx		;088b
3211  088C 77           	ld (hl),a	;088c	Load B' (mantissa overflow) into HL
3212  088D 23           	inc hl		;088d	Increment HL
3213  088E
3214  088E 10 F5        	djnz l0885h	;088e	Loop 7 times to PRINTFP_BCD_LOOP
3215  0890
3216  0890              ; HL	-8	-7	-6	-5	-4	-3	-2	-1
3217  0890              ; -------------------------------------------------------------------
3218  0890              ;	0	X	X	X	X	X	X	Y
3219  0890
3220  0890              ;	<-- most significant                least significant -->
3221  0890
3222  0890              ; P = M * 10^7 = abs( N * 10^(6 - A) )
3223  0890
3224  0890              ; Round the lowest X digit up, if Y digit >= 5.
3225  0890
3226  0890 01 00 06     	ld bc,l0600h	;0890	B = 6
3227  0893              			;	C = 0
3228  0893
3229  0893 2B           	dec hl		;0893	Decrement HL
3230  0894 7E           	ld a,(hl)	;0894
3231  0895 FE 05        	cp 5		;0895	Compare last digit with 5
3232  0897
3233  0897              ; Propagate carry and also set the bitmap in C
3234  0897
3235  0897              ;; PRINTFP_ROUND_LOOP
3236  0897              l0897h:
3237  0897 3F           	ccf		;0897	Cf set if >=5, reset if <5
3238  0898              			;	Cf set if carry from the previous decimal digit.
3239  0898
3240  0898 3E 00        	ld a,0		;0898	Add 1 to the digit one place higher if Cf set.
3241  089A 2B           	dec hl		;089a
3242  089B 8E           	adc a,(hl)	;089b
3243  089C CB 21        	sla c		;089c	Shift C left
3244  089E FE 0A        	cp 10		;089e	Compare corrected digit with 10
3245  08A0
3246  08A0 38 02        	jr c,l08a4h	;08a0
3247  08A2 3E 00        	ld a,000h	;08a2	Load 0 into A if greater or equal to 10
3248  08A4              l08a4h:
3249  08A4
3250  08A4 77           	ld (hl),a	;08a4	Load corrected digit into (HL)
3251  08A5 F5           	push af		;08a5	Save Cf on stack
3252  08A6
3253  08A6 A7           	and a		;08a6
3254  08A7 28 02        	jr z,l08abh	;08a7	If digit not zero, set bit 0 of C.
3255  08A9 CB C1        	set 0,c		;08a9
3256  08AB              l08abh:
3257  08AB F1           	pop af		;08ab	Restore Cf from stack
3258  08AC 10 E9        	djnz l0897h	;08ac	Loop 6 times to PRINTFP_ROUND_LOOP
3259  08AE
3260  08AE 79           	ld a,c		;08ae	Load bitmask into A
3261  08AF
3262  08AF C1           	pop bc		;08af	Restore exponent from stack into B
3263  08B0 38 06        	jr c,l08b8h	;08b0	If no carry on the most significant digit,
3264  08B2              			;	break from loop...
3265  08B2 04           	inc b		;08b2   ...else increment base 10 exponent
3266  08B3 C5           	push bc		;08b3	   Save exponent back to stack
3267  08B4
3268  08B4 06 01        	ld b,001h	;08b4
3269  08B6 18 DF        	jr l0897h	;08b6      loop one more time to PRINTFP_ROUND_LOOP
3270  08B8
3271  08B8              ; P = abs( N * 10^(6 - A) )
3272  08B8
3273  08B8              l08b8h:
3274  08B8 4F           	ld c,a		;08b8	Move bitmask back to C
3275  08B9 78           	ld a,b		;08b9	Move exponent back to A
3276  08BA
3277  08BA 3C           	inc a		;08ba	Jump to PRINTFP_EXP if A not between 0 and 6
3278  08BB FA C8 08     	jp m,l08c8h	;08bb
3279  08BE FE 07        	cp 7		;08be
3280  08C0 30 06        	jr nc,l08c8h	;08c0
3281  08C2
3282  08C2              ; No exponential notation necessary. Just print the mantissa and exit.
3283  08C2
3284  08C2 47           	ld b,a		;08c2	Exponent to B
3285  08C3 CD 1C 09     	call l091ch	;08c3	Call PRINT_BCD
3286  08C6
3287  08C6 18 43        	jr l090bh	;08c6	Finish (remove stored values from stack, and
3288  08C8              			;	return)
3289  08C8
3290  08C8              ; Number either too large or too small. Print in exponential notation.
3291  08C8
3292  08C8              ;; PRINTFP_EXP
3293  08C8              l08c8h:
3294  08C8 C5           	push bc		;08c8	Save exponent and bitmask to stack
3295  08C9
3296  08C9 06 01        	ld b,001h	;08c9	Print mantissa
3297  08CB CD 1C 09     	call l091ch	;08cb	(call PRINT_BCD)
3298  08CE
3299  08CE 3E 45        	ld a,'E'	;08ce	Print exponent character 'E'
3300  08D0 E7           	rst 20h		;08d0
3301  08D1
3302  08D1              ; Convert exponent into decimal and print it.
3303  08D1
3304  08D1 C1           	pop bc		;08d1	Restore BC from stack
3305  08D2
3306  08D2 CB 78        	bit 7,b		;08d2	Check sign bit of the exponent
3307  08D4
3308  08D4 3E 2B        	ld a,'+'	;08d4
3309  08D6 28 08        	jr z,l08e0h	;08d6	If exponent positive, jump to PRINTFP_EXP_POS
3310  08D8
3311  08D8              ; Exponent base 10 is negative
3312  08D8
3313  08D8 3E 2D        	ld a,'-'	;08d8	Print minus sign
3314  08DA E7           	rst 20h		;08da	(call PUTCH_RST)
3315  08DB
3316  08DB 78           	ld a,b		;08db	Load negative exponent base 10 into A
3317  08DC ED 44        	neg		;08dc
3318  08DE 18 02        	jr l08e2h	;08de	Jump to PRINTFP_EXP_ABS
3319  08E0
3320  08E0              ;; PRINTFP_EXP_POS
3321  08E0              l08e0h:
3322  08E0 E7           	rst 20h		;08e0	Print plus sign (call PUTCH_RST)
3323  08E1 78           	ld a,b		;08e1	Load exponent base 10 into A
3324  08E2
3325  08E2              ; Absolute value of exponent base 10 in A. Now split exponent into two decimal
3326  08E2              ; digits: B contains tens (+ ASCII offset), A contains ones.
3327  08E2
3328  08E2              ;; PRINTFP_EXP_ABS
3329  08E2              l08e2h:
3330  08E2 06 30        	ld b,'0'	;08e2	Initialize B
3331  08E4              l08e4h:
3332  08E4 FE 0A        	cp 10		;08e4
3333  08E6 38 1C        	jr c,l0904h	;08e6	Jump to PRINTFP_END if number of ones is less
3334  08E8              			;	than 10.
3335  08E8
3336  08E8 C6 F6        	add a,-10	;08e8	Subtract 10 from number of ones and add 1 to
3337  08EA 04           	inc b		;08ea 	the number of tens.
3338  08EB
3339  08EB 18 F7        	jr l08e4h	;08eb	Loop
3340  08ED
3341  08ED              ; 'PRINT A 16 BIT NUMBER'
3342  08ED              ; =======================
3343  08ED              ; Prints a 16 bit number at DE to the screen at current cursor position.
3344  08ED
3345  08ED              ; Parameters:
3346  08ED              ;	DE: Pointer to the 16 bit number to print.
3347  08ED              ; Returns:
3348  08ED              ;	DE: DE + 2
3349  08ED
3350  08ED              ;; PRINT_WORD
3351  08ED              l08edh:
3352  08ED 1A           	ld a,(de)	;08ed	Load BASIC line number (at DE) into HL and
3353  08EE 6F           	ld l,a		;08ee	DE = DE + 2
3354  08EF 13           	inc de		;08ef
3355  08F0 1A           	ld a,(de)	;08f0
3356  08F1 67           	ld h,a		;08f1
3357  08F2 13           	inc de		;08f2
3358  08F3
3359  08F3 CD BC 0A     	call l0abch	;08f3	Push line number to arithmetic stack
3360  08F6              			;	(Call INT_TO_FP)
3361  08F6
3362  08F6              ; 'PRINT A FLOATING POINT NUMBER'
3363  08F6              ; ===============================
3364  08F6              ; Prints a floating point number on the top of the arithmetic stack at the
3365  08F6              ; current cursor position.
3366  08F6
3367  08F6              ; IX Offset	-5	-4	-3	-2	-1
3368  08F6              ; ---------------------------------------------------
3369  08F6              ;		24 bit mantissa	(MSB)	Exp	Sign
3370  08F6
3371  08F6              ;; PRINTFP
3372  08F6              l08f6h:
3373  08F6 D5           	push de		;08f6	Save BC,DE and HL to stack
3374  08F7 C5           	push bc		;08f7
3375  08F8 E5           	push hl		;08f8
3376  08F9
3377  08F9 DD 7E FE     	ld a,(ix-2)	;08f9
3378  08FC FE 80        	cp 080h		;08fc
3379  08FE C2 3D 08     	jp nz,l083dh	;08fe	Jump to PRINTFP_DO if line number is not 0
3380  0901
3381  0901 AF           	xor a		;0901	Clear A
3382  0902 06 20        	ld b,020h	;0902	Load ASCII ' ' into B
3383  0904
3384  0904              ;; PRINTFP_END
3385  0904              l0904h:
3386  0904 F6 30        	or 030h		;0904	Convert integer in A to ASCII numeral
3387  0906 4F           	ld c,a		;0906	and store it into C
3388  0907
3389  0907 78           	ld a,b		;0907	Print character in B
3390  0908 E7           	rst 20h		;0908	(Call PUTCH_RST)
3391  0909 79           	ld a,c		;0909	Print character in C
3392  090A E7           	rst 20h		;090a	(Call PUTCH_RST)
3393  090B
3394  090B              l090bh:
3395  090B E1           	pop hl		;090b	Restore HL and BC from stack
3396  090C C1           	pop bc		;090c
3397  090D
3398  090D              ; 'STORE ARITHMETIC RESULT & RETURN (cont.)'
3399  090D              ; ==========================================
3400  090D              ; Restores DE register from CPU stack, removes the top value from the
3401  090D              ; arithmetic stack and returns.
3402  090D
3403  090D              ;; STORE_ARITHM_RET_2
3404  090D              l090dh:
3405  090D D1           	pop de		;090d
3406  090E
3407  090E              ; 'SUB IX,5'
3408  090E              ; ==========
3409  090E              ; Subtracts 5 from the contents of the IX register. Stores -5 in BC.
3410  090E
3411  090E              ;; SUB_IX_5
3412  090E              l090eh:
3413  090E 01 FB FF     	ld bc,0fffbh	;090e	Load -5 into BC
3414  0911
3415  0911              ; ADD_IX_10 jumps here
3416  0911              l0911h:
3417  0911 DD 09        	add ix,bc	;0911	Add BC to IX
3418  0913 C9           	ret		;0913	Return
3419  0914
3420  0914              ; 'CORRECT EXPONENT & ADD IX,10'
3421  0914              ; ==============================
3422  0914              ; Corrects exponent of FP number in HL C' HL' and adds 10 to IX (
3423  0914
3424  0914              ;; CORRECT_EXP_ADD_IX_10
3425  0914              l0914h:
3426  0914 CD 4C 0C     	call l0c4ch	;0914	Call CORRECT_EXP
3427  0917
3428  0917              ; 'ADD IX,10'
3429  0917              ; ===========
3430  0917              ; Adds 10 to the contents of the IX register. Stores 10 in BC.
3431  0917
3432  0917              ;; ADD_IX_10
3433  0917              l0917h:
3434  0917 01 0A 00     	ld bc,0000ah	;0917	Load 10 into BC
3435  091A 18 F5        	jr l0911h	;091a	Jump forward
3436  091C
3437  091C              ; 'PRINT A BINARY-CODED DECIMAL NUMBER'
3438  091C              ; =====================================
3439  091C              ; Prints a BCD number at HL. Each byte represents one digit. B holds the number
3440  091C              ; of digits before decimal point.
3441  091C
3442  091C              ; Parameters:
3443  091C              ;	HL: Pointer to the BCD number.
3444  091C              ;	B: Location of the decimal point (after B digits)
3445  091C              ;	C: Bitmap of the digits (0 means zero digit, 1 means non-zero digit)
3446  091C
3447  091C              ; BCD digit	HL+7	HL+6	HL+5	HL+4	HL+3	HL+2	HL+1	HL
3448  091C              ; C bit		7	6	5	4	3	2	1	0
3449  091C
3450  091C              ;; PRINT_BCD
3451  091C              l091ch:
3452  091C 04           	inc b		;091c
3453  091D
3454  091D              ;; PRINT_BCD_LOOP
3455  091D              l091dh:
3456  091D 10 03        	djnz l0922h	;091d	Decrement B.
3457  091F
3458  091F 3E 2E        	ld a,'.'	;091f	Print decimal point if B == 0
3459  0921 E7           	rst 20h		;0921	(call PUTCH_RST)
3460  0922              l0922h:
3461  0922
3462  0922 7E           	ld a,(hl)	;0922	Print BCD digit in (HL)
3463  0923 F6 30        	or 030h		;0923
3464  0925 E7           	rst 20h		;0925	(call PUTCH_RST)
3465  0926
3466  0926 23           	inc hl		;0926	Move HL to the next digit.
3467  0927
3468  0927 CB 39        	srl c		;0927	Shift C right and...
3469  0929 20 F2        	jr nz,l091dh	;0929	...loop to PRINT_BCD_LOOP if there are further
3470  092B              			;	   non-zero digits
3471  092B
3472  092B              ; There are only zeroes left. Note: B remains unmodified.
3473  092B
3474  092B 05           	dec b		;092b
3475  092C 05           	dec b		;092c
3476  092D F8           	ret m		;092d	Return if B <= 1
3477  092E 04           	inc b		;092e
3478  092F
3479  092F 18 EB        	jr l091ch	;092f	Restart to PRINT_BCD.
3480  0931
3481  0931              ; 'PRINT A BASIC LINE TO SCREEN'
3482  0931              ; ==============================
3483  0931              ; Print a complete BASIC line to screen. First the line number is printed,
3484  0931              ; followed by ASCII space and line contents.
3485  0931
3486  0931              ; Parameters:
3487  0931              ;	DE: Pointer to the BASIC line.
3488  0931
3489  0931              ;; PRINT_BASIC_LINE
3490  0931              l0931h:
3491  0931 CD ED 08     	call l08edh	;0931	Print line number (call PRINT_WORD)
3492  0934 3E 20        	ld a,020h	;0934	Load ASCII ' ' into A
3493  0936
3494  0936              ; 'PRINT A CHARACTER FOLLOWED BY A STRING TO SCREEN'
3495  0936              ; ==================================================
3496  0936              ; Call PUTCH_RST and PRINTSTR
3497  0936
3498  0936              ;; PUTCH_PRINTSTR
3499  0936              l0936h:
3500  0936 E7           	rst 20h		;0936	Call PUTCH_RST
3501  0937
3502  0937              ; 'PRINT A STRING TO SCREEN'
3503  0937              ; ==========================
3504  0937              ; Print a string of characters at (DE) to the screen at the current cursor
3505  0937              ; position (CURSOR_POS).
3506  0937
3507  0937              ; String must be terminated with 00h (NUL) or 0d (CR). In the second case a
3508  0937              ; new line added at the end of the string.
3509  0937
3510  0937              ; Parameters:
3511  0937              ;	DE: Address of the first character in the string.
3512  0937              ; Returns:
3513  0937              ;	Zf: Set if string ended with NUL, reset if it ended with CR.
3514  0937              ;	HL': Address of the last printed character on screen + 1
3515  0937              ;	DE: Address of the last read character + 1
3516  0937              ; Destroys:
3517  0937              ;	A,B,flags
3518  0937
3519  0937              ;; PRINTSTR
3520  0937              l0937h:
3521  0937 AF           	xor a		;0937	A = ASCII NUL
3522  0938
3523  0938              ; 'PRINT A STRING TO SCREEN ENDING ON A'
3524  0938              ; ======================================
3525  0938              ; Like PRINTSTR, except string is terminated with character in A (which is not
3526  0938              ; printed) or CR (which is printed).
3527  0938
3528  0938              ; Returns:
3529  0938              ;	Zf: Set if string ended with character in A, reset if it ended with CR.
3530  0938
3531  0938              ;; PRINTSTR_A
3532  0938              l0938h:
3533  0938 47           	ld b,a		;0938	Load A into B
3534  0939
3535  0939              l0939h:
3536  0939 1A           	ld a,(de)	;0939	Load character pointed by DE into A
3537  093A 13           	inc de		;093a	Increment DE
3538  093B
3539  093B B8           	cp b		;093b	Compare A with B...
3540  093C C8           	ret z		;093c	...and return if equal
3541  093D
3542  093D E7           	rst 20h		;093d	Call PUTCH_RST
3543  093E
3544  093E FE 0D        	cp 00dh		;093e	Compare A with 0dh (CR)...
3545  0940 20 F7        	jr nz,l0939h	;0940	...and loop if not equal
3546  0942
3547  0942 3C           	inc a		;0942	Increment A
3548  0943 C9           	ret		;0943	Return.
3549  0944
3550  0944              ; 'MOVE MEMORY BLOCK'
3551  0944              ; ===================
3552  0944              ;
3553  0944              ; -------------     -------------
3554  0944              ; |source     |     |destination|
3555  0944              ; -------------     -------------
3556  0944              ; ^            ^    ^
3557  0944              ; |            |    |
3558  0944              ; DE           HL   BC
3559  0944
3560  0944              ;; MOVE_MEM
3561  0944              l0944h:
3562  0944 D7           	rst 10h		;0944	Call CMP_HL_DE
3563  0945 C8           	ret z		;0945	Return if HL == DE
3564  0946
3565  0946 1A           	ld a,(de)	;0946	(BC) = (DE)
3566  0947 02           	ld (bc),a	;0947
3567  0948
3568  0948 13           	inc de		;0948	Increment BC and DE
3569  0949 03           	inc bc		;0949
3570  094A
3571  094A 18 F8        	jr l0944h	;094a	Loop
3572  094C
3573  094C              l094ch:
3574  094C 78           	ld a,b			;094c	78 	x
3575  094D 92           	sub d			;094d	92
3576  094E 20 03        	jr nz,l0953h		;094e	20 03
3577  0950 79           	ld a,c			;0950	79 	y
3578  0951 93           	sub e			;0951	93
3579  0952 C8           	ret z			;0952	c8
3580  0953              l0953h:
3581  0953 1B           	dec de			;0953	1b
3582  0954 2B           	dec hl			;0954	2b 	+
3583  0955 1A           	ld a,(de)			;0955	1a
3584  0956 77           	ld (hl),a			;0956	77 	w
3585  0957 18 F3        	jr l094ch		;0957	18 f3
3586  0959              l0959h:
3587  0959 C1           	pop bc			;0959	c1
3588  095A E1           	pop hl			;095a	e1
3589  095B 22 A1 2A     	ld (02aa1h),hl		;095b	22 a1 2a 	"   *
3590  095E 7C           	ld a,h			;095e	7c 	|
3591  095F B5           	or l			;095f	b5
3592  0960 28 10        	jr z,l0972h		;0960	28 10 	(
3593  0962 E1           	pop hl			;0962	e1
3594  0963 22 91 2A     	ld (02a91h),hl		;0963	22 91 2a 	"   *
3595  0966 E1           	pop hl			;0966	e1
3596  0967 22 6E 2A     	ld (02a6eh),hl		;0967	22 6e 2a 	" n *
3597  096A E1           	pop hl			;096a	e1
3598  096B 22 93 2A     	ld (02a93h),hl		;096b	22 93 2a 	"   *
3599  096E E1           	pop hl			;096e	e1
3600  096F 22 95 2A     	ld (02a95h),hl		;096f	22 95 2a 	"   *
3601  0972              l0972h:
3602  0972 C5           	push bc			;0972	c5
3603  0973 C9           	ret			;0973	c9
3604  0974
3605  0974              l0974h:
3606  0974 21 C8 D4     	ld hl,-02b38h	;0974
3607  0977 C1           	pop bc		;0977	Remove BC from stack
3608  0978 39           	add hl,sp	;0978
3609  0979 D2 53 01     	jp nc,l0153h	;0979	Jump to SORRY_RST_PUSH_DE if SP < 2b38h
3610  097C
3611  097C 2A A1 2A     	ld hl,(02aa1h)	;097c	2a a1 2a 	*   *
3612  097F 7C           	ld a,h		;097f	7c 	|
3613  0980 B5           	or l		;0980	b5
3614  0981 28 13        	jr z,l0996h	;0981	28 13 	(
3615  0983
3616  0983 2A 95 2A     	ld hl,(02a95h)		;0983	2a 95 2a 	*   *
3617  0986 E5           	push hl			;0986	e5
3618  0987 2A 93 2A     	ld hl,(02a93h)		;0987	2a 93 2a 	*   *
3619  098A E5           	push hl			;098a	e5
3620  098B 2A 6E 2A     	ld hl,(02a6eh)		;098b	2a 6e 2a 	* n *
3621  098E E5           	push hl			;098e	e5
3622  098F 2A 91 2A     	ld hl,(02a91h)		;098f	2a 91 2a 	*   *
3623  0992 E5           	push hl			;0992	e5
3624  0993 2A A1 2A     	ld hl,(02aa1h)		;0993	2a a1 2a 	*   *
3625  0996
3626  0996              l0996h:
3627  0996 E5           	push hl			;0996	e5
3628  0997 C5           	push bc			;0997	c5
3629  0998 C9           	ret			;0998	c9
3630  0999
3631  0999              ; 'EVALUATE RELATIONAL OPERATORS'
3632  0999              ; ===============================
3633  0999              ; Evaluates a relational operator at DE and returns HL = 1 if true or HL = 0
3634  0999              ; if false.
3635  0999
3636  0999              ; If a relational expression is not found, it returns two functions up.
3637  0999
3638  0999              ; Returns:
3639  0999              ;	HL: Result of the relational operator.
3640  0999
3641  0999              ;; EVAL_RELATIONAL
3642  0999              l0999h:
3643  0999 DF           	rst 18h		;0999	Call READ_PAR
3644  099A 3E           	db '>'		;099a
3645  099B 07           	db l09a3h-$-1	;099b
3646  099C
3647  099C CD 39 04     	call l0439h	;099c	Call EVAL_RELATIONAL_2
3648  099F
3649  099F C8           	ret z		;099f	Return HL = 1 if greater
3650  09A0 D8           	ret c		;09a0
3651  09A1 23           	inc hl		;09a1
3652  09A2 C9           	ret		;09a2
3653  09A3
3654  09A3              l09a3h:
3655  09A3 DF           	rst 18h		;09a3	Call READ_PAR
3656  09A4 3D           	db '='		;09a4
3657  09A5 06           	db l09ach-$-1	;09a5
3658  09A6
3659  09A6 CD 39 04     	call l0439h	;09a6	Call EVAL_RELATIONAL_2
3660  09A9
3661  09A9 C0           	ret nz		;09a9	Return HL = 1 if equal
3662  09AA 23           	inc hl		;09aa
3663  09AB C9           	ret		;09ab
3664  09AC
3665  09AC              l09ach:
3666  09AC DF           	rst 18h		;09ac	Call READ_PAR
3667  09AD 3C           	db '<'		;09ad
3668  09AE 53           	db l0a02h-$-1	;09ae	Return two functions up.
3669  09AF
3670  09AF CD 39 04     	call l0439h	;09af	Call EVAL_RELATIONAL_2
3671  09B2 D0           	ret nc		;09b2	Return HL = 1 if less
3672  09B3 23           	inc hl		;09b3
3673  09B4 C9           	ret		;09b4
3674  09B5
3675  09B5              ; 'PUT CHARACTER ON SCREEN'
3676  09B5              ; =========================
3677  09B5              ; Print a character in A to the screen at the current cursor position
3678  09B5              ; (CURSOR_POS).
3679  09B5
3680  09B5              ; This function holds Galaksija's "terminal emulation" routines. Several
3681  09B5              ; special ASCII characters are recognized if C flag is set. Video output
3682  09B5              ; can be redirected with the use of VIDEO_LINK.
3683  09B5
3684  09B5              ; Parameters:
3685  09B5              ;	A: Character to print
3686  09B5              ;	C flag: Character is considered special if C flag is set
3687  09B5              ; Returns:
3688  09B5              ;	HL: Position of the printed character + 1
3689  09B5
3690  09B5              ; Destroys:
3691  09B5              ;	BC,DE
3692  09B5
3693  09B5              ;; PUTCH
3694  09B5              l09b5h:
3695  09B5 F5           	push af		;09b5	Push AF to stack
3696  09B6 CD AC 2B     	call 02bach	;09b6	Call VIDEO_LINK
3697  09B9 2A 68 2A     	ld hl,(02a68h)	;09b9	Load CURSOR_POS into HL
3698  09BC
3699  09BC 38 46        	jr c,l0a04h	;09bc	If carry set, jump to SPECIAL_CHAR
3700  09BE
3701  09BE 77           	ld (hl),a	;09be	Write character in A to screen
3702  09BF 23           	inc hl		;09bf	Increment HL
3703  09C0
3704  09C0              ; Scroll the screen if necessary
3705  09C0
3706  09C0              ;; PUTCH_SCROLL
3707  09C0              l09c0h:
3708  09C0 3E 2A        	ld a,02ah	;09c0	Load 2ah into A
3709  09C2 BC           	cp h		;09c2	Compare with H
3710  09C3 20 3A        	jr nz,l09ffh	;09c3	If cursor is still within video memory,
3711  09C5              			;	jump to PUTCH_END.
3712  09C5
3713  09C5              ; Scroll screen contents content up one line, skipping WINDOW_LEN characters
3714  09C5              ; on top.
3715  09C5
3716  09C5 21 B0 2B     	ld hl,02bb0h	;09c5	Load SCROLL_CNT address into HL
3717  09C8 CD 3D 0A     	call l0a3dh	;09c8	Call WAIT_INT (wait for soft scroll to finish)
3718  09CB
3719  09CB E5           	push hl		;09cb	Push HL to stack
3720  09CC 23           	inc hl		;09cc	Increment HL (now points to SCROLL_FLAG)
3721  09CD
3722  09CD 34           	inc (hl)	;09cd	Set SCROLL_FLAG
3723  09CE CD 3D 0A     	call l0a3dh	;09ce	Call WAIT_INT (sync to video refresh)
3724  09D1
3725  09D1 B7           	or a		;09d1	?
3726  09D2
3727  09D2 ED 5B 6C 2A  	ld de,(02a6ch)	;09d2	Load WINDOW_LEN into DE
3728  09D6 CB 8A        	res 1,d		;09d6	Reset bit 1 of D
3729  09D8
3730  09D8 21 E0 01     	ld hl,001e0h	;09d8	Load 480 into HL (32 characters * 15 lines)
3731  09DB ED 52        	sbc hl,de	;09db	Substract DE from HL
3732  09DD
3733  09DD 28 0E        	jr z,l09edh	;09dd	Jump forward if result is zero...
3734  09DF 38 0C        	jr c,l09edh	;09df	...or less
3735  09E1
3736  09E1 44           	ld b,h		;09e1	Load HL into BC
3737  09E2 4D           	ld c,l		;09e2	(number of characters moved)
3738  09E3
3739  09E3 CB DA        	set 3,d		;09e3	D = D | 28h
3740  09E5 CB EA        	set 5,d		;09e5
3741  09E7
3742  09E7 21 20 00     	ld hl,32	;09e7	HL (source) = DE (dest) + 32
3743  09EA 19           	add hl,de	;09ea	(one line of characters lower)
3744  09EB
3745  09EB ED B0        	ldir		;09eb	Block transfer
3746  09ED
3747  09ED              ; Soft scroll screen up one line, if WINDOW_LEN is zero
3748  09ED
3749  09ED              l09edh:
3750  09ED 2A 6C 2A     	ld hl,(02a6ch)	;09ed	Load WINDOW_LEN into HL
3751  09F0
3752  09F0 7C           	ld a,h		;09f0	Load top byte of WINDOW_LEN into A
3753  09F1 B5           	or l		;09f1	A = A | L
3754  09F2
3755  09F2 E1           	pop hl		;09f2	Pop HL from stack (HL points to SCROLL_CNT)
3756  09F3
3757  09F3 20 02        	jr nz,l09f7h	;09f3	If WINDOW_LEN is not zero, jump forward...
3758  09F5 36 03        	ld (hl),003h	;09f5	Else load 3 into SCROLL_CNT
3759  09F7
3760  09F7              ; Clear bottom line
3761  09F7
3762  09F7              l09f7h:
3763  09F7 21 E0 29     	ld hl,029e0h	;09f7	Load 29e0h into HL (start of the bottom line
3764  09FA              			;	on the screen)
3765  09FA E5           	push hl		;09fa	Push HL on stack
3766  09FB CD 34 0A     	call l0a34h	;09fb	Call CLEAR_LINE
3767  09FE E1           	pop hl		;09fe	Pop HL from stack
3768  09FF
3769  09FF              ; Update cursor position and return.
3770  09FF
3771  09FF              ;; PUTCH_END
3772  09FF              l09ffh:
3773  09FF 22 68 2A     	ld (02a68h),hl	;09ff	Update cursor position
3774  0A02
3775  0A02              l0a02h:
3776  0A02 F1           	pop af		;0a02	Pop AF from stack
3777  0A03 C9           	ret		;0a03	Return
3778  0A04
3779  0A04              ; Interpret special characters
3780  0A04
3781  0A04              ;; SPECIAL_CHAR
3782  0A04              l0a04h:
3783  0A04 FE 0D        	cp 00dh		;0a04	Compare A with 0dh (ASCII CR)
3784  0A06 20 0E        	jr nz,l0a16h	;0a06	If not equal jump forward
3785  0A08
3786  0A08              ; Put cursor on the next line
3787  0A08
3788  0A08 7C           	ld a,h		;0a08	Load A with H
3789  0A09 FE 2B        	cp 02bh		;0a09	Compare H with 2bh (is cursor on screen?)
3790  0A0B
3791  0A0B 38 04        	jr c,l0a11h	;0a0b	If H less than 2bh jump forward...
3792  0A0D 36 0D        	ld (hl),00dh	;0a0d	...else put character on screen
3793  0A0F 18 EE        	jr l09ffh	;0a0f	   and jump to PUTCH_END
3794  0A11
3795  0A11              l0a11h:
3796  0A11 CD 34 0A     	call l0a34h	;0a11	Call CLEAR_LINE (puts cursor on the start
3797  0A14              			;	of the next line)
3798  0A14 18 AA        	jr l09c0h	;0a14	Jump to PUTCH_SCROLL
3799  0A16
3800  0A16              l0a16h:
3801  0A16 FE 0C        	cp 00ch		;0a16	Compare A with 0ch (ASCII FF)
3802  0A18 20 0D        	jr nz,l0a27h	;0a18	If not equal jump forward
3803  0A1A
3804  0A1A              ; Clear screen
3805  0A1A
3806  0A1A 21 FF 29     	ld hl,029ffh	;0a1a	Load 29ffh to HL (last character on screen)
3807  0A1D              l0a1dh:
3808  0A1D 36 20        	ld (hl),020h	;0a1d	Load 20h (ASCII space) to (HL)
3809  0A1F 2B           	dec hl		;0a1f	Decrement HL
3810  0A20 CB 4C        	bit 1,h		;0a20	Test bit 1 of H
3811  0A22 28 F9        	jr z,l0a1dh	;0a22	If zero, loop
3812  0A24
3813  0A24              l0a24h:
3814  0A24 23           	inc hl		;0a24	Increment HL
3815  0A25              			;	(points to the first char on screen)
3816  0A25 18 D8        	jr l09ffh	;0a25	Jump to PUTCH_SCROLL
3817  0A27
3818  0A27              l0a27h:
3819  0A27 FE 1D        	cp 01dh		;0a27	Compare A with 1dh (ASCII GS)
3820  0A29 20 D4        	jr nz,l09ffh	;0a29	If not equal jump to PUTCH_END
3821  0A2B
3822  0A2B              ; Clear current character and move cursor one position back
3823  0A2B
3824  0A2B 36 20        	ld (hl),020h	;0a2b	Load 20h (ASCII space) to (HL)
3825  0A2D 2B           	dec hl		;0a2d	Decrement HL
3826  0A2E
3827  0A2E CB 4C        	bit 1,h		;0a2e	Test bit 1 of H
3828  0A30 20 F2        	jr nz,l0a24h	;0a30	If not zero (cursor went off screen), jump
3829  0A32              			;	to increment back HL.
3830  0A32 18 CB        	jr l09ffh	;0a32	Jump to PUTCH_END
3831  0A34
3832  0A34              ; 'CLEAR LINE'
3833  0A34              ; ============
3834  0A34              ; This function fills a line with ASCII space (20h) characters from the
3835  0A34              ; location pointed by HL to the end of the line.
3836  0A34
3837  0A34              ; Parameters:
3838  0A34              ;	HL: Pointer to the start of the line to be filled.
3839  0A34              ; Returns:
3840  0A34              ;	HL: Pointer to the start of the next line
3841  0A34              ; Destroys:
3842  0A34              ;	A, flags
3843  0A34
3844  0A34              ;; CLEAR_LINE
3845  0A34              l0a34h:
3846  0A34 36 20        	ld (hl),020h	;0a34	Store ASCII space at location pointed to by HL
3847  0A36 23           	inc hl		;0a36	Increment HL
3848  0A37
3849  0A37 7D           	ld a,l		;0a37	Load L into A
3850  0A38 E6 1F        	and 01fh	;0a38	A = A & 1fh
3851  0A3A
3852  0A3A 20 F8        	jr nz,l0a34h	;0a3a	If A not zero, loop...
3853  0A3C C9           	ret		;0a3c	...else return
3854  0A3D
3855  0A3D              ; 'WAIT FOR INTERRUPT'
3856  0A3D              ; ====================
3857  0A3D              ; This function waits for an interrupt routine to reset a flag pointed to
3858  0A3D              ; by HL register.
3859  0A3D
3860  0A3D              ; Function returns immediately if interrupts are disabled.
3861  0A3D
3862  0A3D              ; Parameters:
3863  0A3D              ;	HL: pointer to the flag (interrupt must set this to 0)
3864  0A3D              ; Destroys:
3865  0A3D              ;	A, flags
3866  0A3D
3867  0A3D              ;; WAIT_INT
3868  0A3D              l0a3dh:
3869  0A3D ED 57        	ld a,i		;0a3d	Load FF2 state into P/V flag
3870  0A3F E0           	ret po		;0a3f	Return if interrupts are disabled
3871  0A40
3872  0A40              l0a40h:
3873  0A40 7E           	ld a,(hl)	;0a40	Load flag byte into A
3874  0A41 B7           	or a		;0a41	Update Z flag
3875  0A42 20 FC        	jr nz,l0a40h	;0a42	If byte is not zero, loop...
3876  0A44 C9           	ret		;0a44	...else return
3877  0A45
3878  0A45              ; 'PUSH FLOATING POINT NUMBER ON STACK'
3879  0A45              ; =====================================
3880  0A45              ; Stores a 4-byte floating point number at (HL) on the arithmetic stack.
3881  0A45
3882  0A45              ; IX Offset	0	1	2	3	4
3883  0A45              ; ---------------------------------------------------
3884  0A45              ;		24 bit mantissa	(MSB)	Exp	Sign
3885  0A45
3886  0A45              ; IX Offset	0        1        2	   3        4
3887  0A45              ; -------------------------------------------------------------
3888  0A45              ;		MMMMMMMM MMMMMMMM 1MMMMMMM EEEEEEEE S0000000
3889  0A45              ;		(LSB)		  (MSB)
3890  0A45
3891  0A45              ; HL Offset	0        1        2	   3
3892  0A45              ; --------------------------------------------------
3893  0A45              ;		MMMMMMMM MMMMMMMM EMMMMMMM SEEEEEEE
3894  0A45              ;		(LSB)		  (MSB)
3895  0A45
3896  0A45              ;; PUSH_FP
3897  0A45              l0a45h:
3898  0A45 D5           	push de		;0a45	Save DE, HL and AF on stack
3899  0A46 E5           	push hl		;0a46
3900  0A47 F5           	push af		;0a47
3901  0A48
3902  0A48 01 04 00     	ld bc,00004h	;0a48	Load 4 into BC
3903  0A4B
3904  0A4B DD E5        	push ix		;0a4b	Load IX into DE
3905  0A4D D1           	pop de		;0a4d
3906  0A4E
3907  0A4E ED B0        	ldir		;0a4e	Transfer 4 bytes starting from (HL) into (IX)
3908  0A50
3909  0A50 DD CB 02 16  	rl (ix+2)	;0a50	Extract sign bit from IX+2 and IX+3
3910  0A54 DD CB 03 16  	rl (ix+3)	;0a54
3911  0A58
3912  0A58 78           	ld a,b		;0a58	Store sign bit in IX+4
3913  0A59 1F           	rra		;0a59
3914  0A5A DD 77 04     	ld (ix+4),a	;0a5a
3915  0A5D
3916  0A5D 37           	scf		;0a5d	Set top bit of mantissa
3917  0A5E DD CB 02 1E  	rr (ix+2)	;0a5e
3918  0A62
3919  0A62 0E 05        	ld c,005h	;0a62	IX = IX + 5
3920  0A64 DD 09        	add ix,bc	;0a64
3921  0A66
3922  0A66 F1           	pop af		;0a66	Restore DE, HL and AL from stack
3923  0A67 E1           	pop hl		;0a67
3924  0A68 D1           	pop de		;0a68
3925  0A69
3926  0A69 C9           	ret		;0a69	Return
3927  0A6A
3928  0A6A              ; 'EVALULATE INTEGER VALUE IN PARENTHESIS'
3929  0A6A              ; ========================================
3930  0A6A              ; Evaluates expression in parenthesis at DE, converts it to integer and returns
3931  0A6A              ; it in DE.
3932  0A6A
3933  0A6A              ;; EVAL_PAREN_INT
3934  0A6A              l0a6ah:
3935  0A6A CD 81 07     	call l0781h	;0a6a	Call EVAL_PAREN
3936  0A6D
3937  0A6D              ; 'FLOATING POINT TO INTEGER'
3938  0A6D              ; ===========================
3939  0A6D              ; Convert floating point at the top of the arithmetic stack to integer.
3940  0A6D
3941  0A6D              ; Returns:
3942  0A6D              ;	HL: Integer value
3943  0A6D
3944  0A6D              ;; FP_TO_INT
3945  0A6D              l0a6dh:
3946  0A6D D9           	exx		;0a6d
3947  0A6E CD 0E 09     	call l090eh	;0a6e	Call SUB_IX_5
3948  0A71
3949  0A71 11 00 00     	ld de,l0000h	;0a71	Clear DE'
3950  0A74
3951  0A74              ; IX Offset	0	1	2	3	4
3952  0A74              ; ---------------------------------------------------
3953  0A74              ;		24 bit mantissa	(MSB)	Exp	Sign
3954  0A74
3955  0A74 DD 7E 03     	ld a,(ix+3)	;0a74	Load exponent into A
3956  0A77 DD 4E 04     	ld c,(ix+4)	;0a77	Load sign into C'
3957  0A7A
3958  0A7A FE 80        	cp 080h		;0a7a	Return 0 if exponent equal to -128
3959  0A7C 28 2C        	jr z,l0aaah	;0a7c
3960  0A7E
3961  0A7E FE 01        	cp 001h		;0a7e	Return 0 if exponent less than 1
3962  0A80 FA AE 0A     	jp m,l0aaeh	;0a80	(why not jump to l0aaah like above?)
3963  0A83
3964  0A83 FE 10        	cp 010h		;0a83	Jump to error if exponent greater than 16
3965  0A85 D9           	exx		;0a85
3966  0A86 F2 5A 06     	jp p,l065ah	;0a86
3967  0A89 D9           	exx		;0a89
3968  0A8A
3969  0A8A              ; DE = mantissa * 2 ^ exponent
3970  0A8A
3971  0A8A 47           	ld b,a		;0a8a	Load exponent into B'
3972  0A8B
3973  0A8B DD 7E 00     	ld a,(ix+000h)	;0a8b	Load mantissa into HL' A'
3974  0A8E DD 6E 01     	ld l,(ix+001h)	;0a8e
3975  0A91 DD 66 02     	ld h,(ix+002h)	;0a91
3976  0A94
3977  0A94              l0a94h:
3978  0A94 CB 27        	sla a		;0a94	Shift left HL' A'
3979  0A96 ED 6A        	adc hl,hl	;0a96
3980  0A98
3981  0A98 CB 13        	rl e		;0a98	Shift left DE'
3982  0A9A CB 12        	rl d		;0a9a
3983  0A9C
3984  0A9C 10 F6        	djnz l0a94h	;0a9c	Loop
3985  0A9E
3986  0A9E              l0a9eh:
3987  0A9E CB 21        	sla c		;0a9e	Jump forward if sign is positive
3988  0AA0 30 08        	jr nc,l0aaah	;0aa0
3989  0AA2
3990  0AA2 B4           	or h		;0aa2	Increment DE' if HL' A' not zero
3991  0AA3 B5           	or l		;0aa3
3992  0AA4 28 01        	jr z,l0aa7h	;0aa4
3993  0AA6 13           	inc de		;0aa6
3994  0AA7              l0aa7h:
3995  0AA7 CD D7 0A     	call l0ad7h	;0aa7	DE' = -DE' (Call NEG_DE)
3996  0AAA
3997  0AAA              l0aaah:
3998  0AAA D5           	push de		;0aaa	Load result into HL
3999  0AAB D9           	exx		;0aab
4000  0AAC E1           	pop hl		;0aac
4001  0AAD C9           	ret		;0aad	Return
4002  0AAE
4003  0AAE              l0aaeh:
4004  0AAE 3E FF        	ld a,0ffh	;0aae	Set A to -1
4005  0AB0 18 EC        	jr l0a9eh	;0ab0
4006  0AB2
4007  0AB2              ; 'EVALUATE NUMERIC EXPRESSION'
4008  0AB2              ; =============================
4009  0AB2              ; Evaluate numeric expression at DE and push the result on the arithmetic
4010  0AB2              ; stack.
4011  0AB2
4012  0AB2              ;; EVAL_EXPRESSION
4013  0AB2              l0ab2h:
4014  0AB2 CD 8E 06     	call l068eh	;0ab2	Call EVAL_ARITHMETIC
4015  0AB5 CD 99 09     	call l0999h	;0ab5	Call EVAL_RELATIONAL
4016  0AB8              			;	Returns to the calling function, if no
4017  0AB8              			;	relational operator found.
4018  0AB8
4019  0AB8 01           	db 001h		;0ab8	Dummy ld bc,nn (skip the following instruction)
4020  0AB9
4021  0AB9              ; 'PUSH 10 TO ARITHMETIC STACK'
4022  0AB9              ; ============================
4023  0AB9              ; Pushes floating point constant 10 to the arithmetic stack.
4024  0AB9
4025  0AB9              ;; PUSH_FP_10
4026  0AB9              l0ab9h:
4027  0AB9 21 0A 00     	ld hl,0000ah	;0ab9
4028  0ABC
4029  0ABC              ; Push result from EVAL_RELATIONAL to stack.
4030  0ABC
4031  0ABC              ; 'INTEGER TO FLOATING POINT'
4032  0ABC              ; ===========================
4033  0ABC              ; Converts integer in HL to floating point and stores it into the arithmetic
4034  0ABC              ; stack.
4035  0ABC
4036  0ABC              ; Parameters:
4037  0ABC              ;	HL: Integer to convert.
4038  0ABC
4039  0ABC              ;; INT_TO_FP
4040  0ABC              l0abch:
4041  0ABC D5           	push de		;0abc	Save DE on stack.
4042  0ABD
4043  0ABD              ;; INT_TO_FP_2
4044  0ABD              l0abdh:
4045  0ABD EB           	ex de,hl	;0abd	DE = integer to convert
4046  0ABE
4047  0ABE CD 17 09     	call l0917h	;0abe	Call ADD_IX_10
4048  0AC1 CD D4 0A     	call l0ad4h	;0ac1	Call ABS_DE
4049  0AC4
4050  0AC4 D5           	push de		;0ac4	Save DE on stack
4051  0AC5
4052  0AC5 21 10 00     	ld hl,0010h	;0ac5	Load 16 into L
4053  0AC8 CB 1C        	rr h		;0ac8	Set MSB of H to sign bit.
4054  0ACA
4055  0ACA D9           	exx		;0aca
4056  0ACB
4057  0ACB D1           	pop de		;0acb	Restore DE' from stack
4058  0ACC EF           	rst 28h		;0acc	Clear HL' (Call CLEAR_HL)
4059  0ACD 63           	ld h,e		;0acd	Load E' into H'
4060  0ACE 4A           	ld c,d		;0ace	Load D' into C'
4061  0ACF
4062  0ACF              ; IX Offset	-5	-4	-3	-2	-1
4063  0ACF              ; ---------------------------------------------------
4064  0ACF              ;		L'	H'	C'	L	H
4065  0ACF              ; ---------------------------------------------------
4066  0ACF              ;		24 bit mantissa	(MSB)	Exp	Sign
4067  0ACF
4068  0ACF CD 4C 0C     	call l0c4ch	;0acf	Call CORRECT_EXP
4069  0AD2 18 2F        	jr l0b03h	;0ad2	Jump to STORE_ARITHM_RET_0
4070  0AD4
4071  0AD4              ; 'ABSOLUTE VALUE DE'
4072  0AD4              ; ===================
4073  0AD4              ; Calculates absolute value of integer in DE.
4074  0AD4
4075  0AD4              ; Parameters:
4076  0AD4              ;	DE
4077  0AD4              ; Returns:
4078  0AD4              ;	DE: Absolute value.
4079  0AD4              ;       Cf: Set if DE was negative, reset otherwise.
4080  0AD4              ; Destroys:
4081  0AD4              ;	A
4082  0AD4
4083  0AD4              ;; ABS_DE
4084  0AD4              l0ad4h:
4085  0AD4 AF           	xor a		;0ad4	Clear A
4086  0AD5 82           	add a,d		;0ad5	Add D to A.
4087  0AD6 F0           	ret p		;0ad6	Return if D positive, otherwise continue to
4088  0AD7              			;	NEG_DE
4089  0AD7
4090  0AD7              ; 'NEGATE DE'
4091  0AD7              ; ===========
4092  0AD7              ; Negates the value of integer in DE.
4093  0AD7
4094  0AD7              ; Parameters:
4095  0AD7              ;	DE
4096  0AD7              ; Returns:
4097  0AD7              ;	DE: Absolute value.
4098  0AD7              ;       Cf: Always Set.
4099  0AD7              ; Destroys:
4100  0AD7              ;	A
4101  0AD7
4102  0AD7              ;; NEG_DE
4103  0AD7              l0ad7h:
4104  0AD7 7B           	ld a,e		;0ad7	E = -E
4105  0AD8 ED 44        	neg		;0ad8
4106  0ADA 5F           	ld e,a		;0ada
4107  0ADB
4108  0ADB 7A           	ld a,d		;0adb	D = ~D + ~Cf
4109  0ADC 2F           	cpl		;0adc
4110  0ADD 3F           	ccf		;0add
4111  0ADE CE 00        	adc a,000h	;0ade
4112  0AE0 57           	ld d,a		;0ae0
4113  0AE1
4114  0AE1 37           	scf		;0ae1	Set carry flag
4115  0AE2 C9           	ret		;0ae2	Return
4116  0AE3
4117  0AE3              ; 'MULTIPLY BY 10'
4118  0AE3              ; ================
4119  0AE3              ; Multiplies the number on the top of the arithmetic stack by 10
4120  0AE3
4121  0AE3              ;; FP_MUL_10
4122  0AE3              l0ae3h:
4123  0AE3 CD B9 0A     	call l0ab9h	;0ae3	Push 10 on the arithmetic stack
4124  0AE6              			;	(call PUSH_FP_10)
4125  0AE6
4126  0AE6              ;; FP_MUL
4127  0AE6              l0ae6h:
4128  0AE6 CD 68 0C     	call l0c68h	;0ae6	Call FETCH_TWO_FP
4129  0AE9 28 3E        	jr z,l0b29h	;0ae9	If first operand is zero, just remove the
4130  0AEB              			;	second operand from stack and return (jumps
4131  0AEB              			;	to STORE_ARITHM_RET_2)
4132  0AEB
4133  0AEB BB           	cp e		;0aeb	If the second operand is zero, store a zero
4134  0AEC CA 6B 0B     	jp z,l0b6bh	;0aec	floating point value on stack and return
4135  0AEF              			;	(jump to STORE_ZERO_RET)
4136  0AEF
4137  0AEF CD 81 0B     	call l0b81h	;0aef	Call FP_MUL_DO
4138  0AF2 18 0F        	jr l0b03h	;0af2	Jump to STORE_ARITHM_RET_0
4139  0AF4
4140  0AF4              ; 'DIVIDE BY 10'
4141  0AF4              ; ================
4142  0AF4              ; Divides the number on the top of the arithmetic stack by 10
4143  0AF4
4144  0AF4              ;; FP_DIV_10
4145  0AF4              l0af4h:
4146  0AF4 CD B9 0A     	call l0ab9h	;0af4	Push 10 on the arithmetic stack
4147  0AF7              			;	(call PUSH_FP_10)
4148  0AF7              ;; FP_DIV
4149  0AF7              l0af7h:
4150  0AF7 CD 68 0C     	call l0c68h		;0af7	cd 68 0c 	  h
4151  0AFA 28 2D        	jr z,l0b29h		;0afa	28 2d 	( -
4152  0AFC BB           	cp e			;0afc	bb
4153  0AFD CA 5B 06     	jp z,l065bh		;0afd	ca 5b 06 	  [
4154  0B00 CD AE 0B     	call l0baeh		;0b00	cd ae 0b
4155  0B03
4156  0B03              ; 'STORE ARITHMETIC RESULT TRAMPOLINE'
4157  0B03              ; ====================================
4158  0B03
4159  0B03              ;; STORE_ARITHM_RET_0
4160  0B03              l0b03h:
4161  0B03 18 68        	jr l0b6dh		;0b03	Jump to STORE_ARITHM_RET
4162  0B05
4163  0B05              ; 'COMPARE VARIABLE WITH ARITHMETIC STACK'
4164  0B05              ; ========================================
4165  0B05              ; Compares the number at the top of the arithmetic stack with the 4-byte
4166  0B05              ; floating point at (HL)
4167  0B05
4168  0B05              ;; FP_COMPARE_HL
4169  0B05              l0b05h:
4170  0B05 CD 45 0A     	call l0a45h	;0b05	Call PUSH_FP
4171  0B08 CD 68 0C     	call l0c68h	;0b08	Call FETCH_TWO_FP
4172  0B0B
4173  0B0B 01 FB FF     	ld bc,0fffbh	;0b0b	Load -5 into BC
4174  0B0E 18 06        	jr l0b16h	;0b0e	Jump into FP_COMPARE (remove the only the value
4175  0B10              			;	pushed on the stach by PUSH_FP)
4176  0B10
4177  0B10
4178  0B10              ; 'COMPARE TWO FLOATING POINT NUMBERS'
4179  0B10              ; ====================================
4180  0B10              ; Pops two floating point numbers from the top of the arithmetic stack,
4181  0B10              ; compares them and returns the result in the flags register.
4182  0B10
4183  0B10              ;; FP_COMPARE
4184  0B10              l0b10h:
4185  0B10 CD 68 0C     	call l0c68h	;0b10	Call FETCH_TWO_FP
4186  0B13 01 F6 FF     	ld bc,0fff6h	;0b13
4187  0B16              l0b16h:
4188  0B16 DD 09        	add ix,bc	;0b16	Subtract -10 from IX
4189  0B18
4190  0B18 BD           	cp l		;0b18	Compare A (80h) with L
4191  0B19 CD E6 0B     	call l0be6h	;0b19	Jump to the rest of the function
4192  0B1C
4193  0B1C D1           	pop de		;0b1c	Restore DE
4194  0B1D C9           	ret		;0b1d	Return
4195  0B1E
4196  0B1E              ;; FP_SUB
4197  0B1E              l0b1eh:
4198  0B1E CD 68 0C     	call l0c68h		;0b1e	cd 68 0c 	  h
4199  0B21 20 05        	jr nz,l0b28h		;0b21	20 05
4200  0B23 CD 62 0B     	call l0b62h		;0b23	cd 62 0b 	  b
4201  0B26 18 30        	jr l0b58h		;0b26	18 30 	  0
4202  0B28              l0b28h:
4203  0B28 BB           	cp e			;0b28	bb
4204  0B29              l0b29h:
4205  0B29 28 53        	jr z,l0b7eh	;0b29	Jump to STORE_ARITHM_RET_2
4206  0B2B AA           	xor d			;0b2b	aa
4207  0B2C 57           	ld d,a			;0b2c	57 	W
4208  0B2D 18 0B        	jr l0b3ah		;0b2d	18 0b
4209  0B2F CD 45 0A     	call l0a45h		;0b2f	cd 45 0a 	  E
4210  0B32
4211  0B32              ; 'ADD TWO FLOATING POINT NUMBERS'
4212  0B32              ; ================================
4213  0B32              ; Pops two numbers from the top of the arithmetic stack, adds them and pushes
4214  0B32              ; the result on the stack.
4215  0B32
4216  0B32              ; IX Offset	-5	-4	-3	-2	-1
4217  0B32              ; ---------------------------------------------------
4218  0B32              ;		E'	D'	B'	E	D
4219  0B32              ; ---------------------------------------------------
4220  0B32              ;		24 bit mantissa	(MSB)	Exp	Sign
4221  0B32
4222  0B32              ; IX Offset	-10	-9	-8	-7	-6
4223  0B32              ; ---------------------------------------------------
4224  0B32              ;		L'	H'	C'	L	H
4225  0B32              ; ---------------------------------------------------
4226  0B32              ;		24 bit mantissa	(MSB)	Exp	Sign
4227  0B32
4228  0B32              ;; FP_ADD
4229  0B32              l0b32h:
4230  0B32 CD 68 0C     	call l0c68h	;0b32	Call FETCH_TWO_FP
4231  0B35 28 2C        	jr z,l0b63h	;0b35	Second number is zero.
4232  0B37
4233  0B37 BB           	cp e		;0b37
4234  0B38 28 44        	jr z,l0b7eh	;0b38	First number is zero. Just remove the second
4235  0B3A              			;	operand from stack.
4236  0B3A
4237  0B3A              			;	Jump to STORE_ARITHM_RET_2
4238  0B3A
4239  0B3A              l0b3ah:
4240  0B3A CD 04 0C     	call l0c04h	;0b3a	Call FP_COMPARE_ABS
4241  0B3D 28 0E        	jr z,l0b4dh	;0b3d	Mantissa and exponent are equal
4242  0B3F
4243  0B3F 30 07        	jr nc,l0b48h	;0b3f	If DE' B' DE > HL' C' HL, exchange operands
4244  0B41
4245  0B41 EB           	ex de,hl	;0b41	exchange DE' B' DE and HL' C' HL
4246  0B42 D9           	exx		;0b42
4247  0B43 EB           	ex de,hl	;0b43
4248  0B44 79           	ld a,c		;0b44
4249  0B45 48           	ld c,b		;0b45
4250  0B46 47           	ld b,a		;0b46
4251  0B47 D9           	exx		;0b47
4252  0B48
4253  0B48              l0b48h:
4254  0B48 CD 17 0C     	call l0c17h	;0b48	Call FP_ADD_DO
4255  0B4B 18 20        	jr l0b6dh	;0b4b	Jump to STORE_ARITHM_RET
4256  0B4D
4257  0B4D              ; Mantissa and exponent of operands are equal
4258  0B4D
4259  0B4D              l0b4dh:
4260  0B4D 7C           	ld a,h		;0b4d	A = XOR of both sign bits
4261  0B4E AA           	xor d		;0b4e
4262  0B4F 20 1A        	jr nz,l0b6bh	;0b4f	Signs different: jump to STORE_ZERO_RET
4263  0B51
4264  0B51 1E 01        	ld e,001h	;0b51	Signs equal: Multiply by 2
4265  0B53 CD 3F 0C     	call l0c3fh	;0b53	Jump to FP_MUL_EXP
4266  0B56
4267  0B56 18 15        	jr l0b6dh	;0b56	Jump to STORE_ARITHM_RET
4268  0B58
4269  0B58              l0b58h:
4270  0B58 DD 7E FF     	ld a,(ix-1)		;0b58	dd 7e ff 	  ~
4271  0B5B EE 80        	xor 080h		;0b5b	ee 80
4272  0B5D DD 77 FF     	ld (ix-1),a		;0b5d	dd 77 ff 	  w
4273  0B60 D1           	pop de			;0b60	d1
4274  0B61 C9           	ret			;0b61	c9
4275  0B62              l0b62h:
4276  0B62 D5           	push de			;0b62	d5
4277  0B63
4278  0B63              ; Second operand of addition is zero.
4279  0B63
4280  0B63              ;; FP_ADD_ZERO_2
4281  0B63              l0b63h:
4282  0B63 62           	ld h,d		;0b63	HL' C' HL = DE' B' DE
4283  0B64 6B           	ld l,e		;0b64
4284  0B65 D9           	exx		;0b65
4285  0B66 6B           	ld l,e		;0b66
4286  0B67 62           	ld h,d		;0b67
4287  0B68 48           	ld c,b		;0b68
4288  0B69 D9           	exx		;0b69
4289  0B6A
4290  0B6A 01           	db 001h		;0b6a	Dummy ld bc,nn (skip ld l,080h)
4291  0B6B
4292  0B6B              ; 'STORE ZERO RESULT & RETURN'
4293  0B6B              ; ============================
4294  0B6B
4295  0B6B              ;; STORE_ZERO_RET
4296  0B6B              l0b6bh:
4297  0B6B 2E 80        	ld l,080h	;0b6b
4298  0B6D
4299  0B6D              ; 'STORE ARITHMETIC RESULT & RETURN'
4300  0B6D              ; ==================================
4301  0B6D              ; JP to this location is used by arithmetic functions with two operands to
4302  0B6D              ; store the result on the arithmetic stack at IX.
4303  0B6D
4304  0B6D              ; DE pointer is restored from CPU stack before returning.
4305  0B6D
4306  0B6D              ; Top two values are removed from the stack and the Floating point number in
4307  0B6D              ; HL' C' HL is stored.
4308  0B6D
4309  0B6D              ; IX Offset	-5	-4	-3	-2	-1
4310  0B6D              ; ---------------------------------------------------
4311  0B6D              ;		L'	H'	C'	L	H
4312  0B6D              ; ---------------------------------------------------
4313  0B6D              ;		24 bit mantissa	(MSB)	Exp	Sign
4314  0B6D
4315  0B6D              ;; STORE_ARITHM_RET
4316  0B6D              l0b6dh:
4317  0B6D DD 74 FA     	ld (ix-6),h		;0b6d	Store result in the second-to-last
4318  0B70 DD 75 F9     	ld (ix-7),l		;0b70	stack location.
4319  0B73 D9           	exx			;0b73
4320  0B74 DD 75 F6     	ld (ix-10),l		;0b74
4321  0B77 DD 74 F7     	ld (ix-9),h		;0b77
4322  0B7A DD 71 F8     	ld (ix-8),c		;0b7a
4323  0B7D D9           	exx			;0b7d
4324  0B7E
4325  0B7E              l0b7eh:
4326  0B7E C3 0D 09     	jp l090dh		;0b7e	Jump to STORE_ARITHM_RET_2
4327  0B81
4328  0B81              ; 'MULTIPLY TWO FLOATING POINT NUMBERS (cont.)'
4329  0B81              ; =============================================
4330  0B81              ; Multiplies two floating point numbers (both not equal to zero).
4331  0B81
4332  0B81              ; (first operand, result)
4333  0B81
4334  0B81              ; IX Offset	-5	-4	-3	-2	-1
4335  0B81              ; ---------------------------------------------------
4336  0B81              ;		E'	D'	B'	E	D
4337  0B81              ; ---------------------------------------------------
4338  0B81              ;		24 bit mantissa	(MSB)	Exp	Sign
4339  0B81
4340  0B81              ; (second operand)
4341  0B81
4342  0B81              ; IX Offset	-10	-9	-8	-7	-6
4343  0B81              ; ---------------------------------------------------
4344  0B81              ;		L'	H'	C'	L	H
4345  0B81              ; ---------------------------------------------------
4346  0B81              ;		24 bit mantissa	(MSB)	Exp	Sign
4347  0B81
4348  0B81              ;; FP_MUL_DO
4349  0B81              l0b81h:
4350  0B81 7C           	ld a,h		;0b81	Sign bit of the result = XOR sign bits of
4351  0B82 AA           	xor d		;0b82	operands.
4352  0B83 67           	ld h,a		;0b83
4353  0B84
4354  0B84 1D           	dec e		;0b84	Decrement first exponent.
4355  0B85
4356  0B85 E5           	push hl		;0b85	Save HL and BC on stack
4357  0B86 C5           	push bc		;0b86
4358  0B87
4359  0B87 06 18        	ld b,018h	;0b87	06 18
4360  0B89 CD 81 0C     	call l0c81h	;0b89	cd 81 0c
4361  0B8C
4362  0B8C AF           	xor a		;0b8c	af
4363  0B8D
4364  0B8D EF           	rst 28h		;0b8d	Call CLEAR_HL
4365  0B8E
4366  0B8E 4F           	ld c,a			;0b8e	4f 	O
4367  0B8F              l0b8fh:
4368  0B8F D9           	exx			;0b8f	d9
4369  0B90 CB 39        	srl c		;0b90	cb 39 	  9
4370  0B92 CB 1C        	rr h		;0b92	cb 1c
4371  0B94 CB 1D        	rr l		;0b94	cb 1d
4372  0B96 D9           	exx			;0b96	d9
4373  0B97 30 04        	jr nc,l0b9dh		;0b97	30 04 	0
4374  0B99 19           	add hl,de			;0b99	19
4375  0B9A 79           	ld a,c			;0b9a	79 	y
4376  0B9B 88           	adc a,b			;0b9b	88
4377  0B9C 4F           	ld c,a			;0b9c	4f 	O
4378  0B9D              l0b9dh:
4379  0B9D D9           	exx			;0b9d	d9
4380  0B9E 10 05        	djnz l0ba5h		;0b9e	10 05
4381  0BA0 C1           	pop bc			;0ba0	c1
4382  0BA1 E1           	pop hl			;0ba1	e1
4383  0BA2 D9           	exx			;0ba2	d9
4384  0BA3 18 30        	jr l0bd5h		;0ba3	18 30 	  0
4385  0BA5              l0ba5h:
4386  0BA5 D9           	exx			;0ba5	d9
4387  0BA6 CB 19        	rr c		;0ba6	cb 19
4388  0BA8 CB 1C        	rr h		;0ba8	cb 1c
4389  0BAA CB 1D        	rr l		;0baa	cb 1d
4390  0BAC 18 E1        	jr l0b8fh		;0bac	18 e1
4391  0BAE              l0baeh:
4392  0BAE 7B           	ld a,e			;0bae	7b 	{
4393  0BAF ED 44        	neg		;0baf	ed 44 	  D
4394  0BB1 5F           	ld e,a			;0bb1	5f 	_
4395  0BB2 7C           	ld a,h			;0bb2	7c 	|
4396  0BB3 AA           	xor d			;0bb3	aa
4397  0BB4 67           	ld h,a			;0bb4	67 	g
4398  0BB5 E5           	push hl			;0bb5	e5
4399  0BB6 C5           	push bc			;0bb6	c5
4400  0BB7 06 19        	ld b,019h		;0bb7	06 19
4401  0BB9 D9           	exx			;0bb9	d9
4402  0BBA              l0bbah:
4403  0BBA ED 52        	sbc hl,de		;0bba	ed 52 	  R
4404  0BBC 79           	ld a,c			;0bbc	79 	y
4405  0BBD 98           	sbc a,b			;0bbd	98
4406  0BBE 4F           	ld c,a			;0bbe	4f 	O
4407  0BBF 30 03        	jr nc,l0bc4h		;0bbf	30 03 	0
4408  0BC1 19           	add hl,de		;0bc1	19
4409  0BC2 88           	adc a,b			;0bc2	88
4410  0BC3 4F           	ld c,a			;0bc3	4f 	O
4411  0BC4              l0bc4h:
4412  0BC4 D9           	exx			;0bc4	d9
4413  0BC5 3F           	ccf			;0bc5	3f 	?
4414  0BC6 ED 6A        	adc hl,hl		;0bc6	ed 6a 	  j
4415  0BC8 CB 11        	rl c		;0bc8	cb 11
4416  0BCA 10 0B        	djnz l0bd7h		;0bca	10 0b
4417  0BCC E5           	push hl			;0bcc	e5
4418  0BCD C5           	push bc			;0bcd	c5
4419  0BCE D9           	exx			;0bce	d9
4420  0BCF C1           	pop bc			;0bcf	c1
4421  0BD0 E1           	pop hl			;0bd0	e1
4422  0BD1 D9           	exx			;0bd1	d9
4423  0BD2 C1           	pop bc			;0bd2	c1
4424  0BD3 E1           	pop hl			;0bd3	e1
4425  0BD4 D9           	exx			;0bd4	d9
4426  0BD5              l0bd5h:
4427  0BD5 18 5E        	jr l0c35h		;0bd5	18 5e 	  ^
4428  0BD7              l0bd7h:
4429  0BD7 D9           	exx			;0bd7	d9
4430  0BD8 29           	add hl,hl			;0bd8	29 	)
4431  0BD9 CB 11        	rl c		;0bd9	cb 11
4432  0BDB 30 DD        	jr nc,l0bbah		;0bdb	30 dd 	0
4433  0BDD 3F           	ccf			;0bdd	3f 	?
4434  0BDE ED 52        	sbc hl,de		;0bde	ed 52 	  R
4435  0BE0 79           	ld a,c			;0be0	79 	y
4436  0BE1 98           	sbc a,b			;0be1	98
4437  0BE2 4F           	ld c,a			;0be2	4f 	O
4438  0BE3 B7           	or a			;0be3	b7
4439  0BE4 18 DE        	jr l0bc4h		;0be4	18 de
4440  0BE6
4441  0BE6              ; 'COMPARE TWO FLOATING POINT NUMBERS (cont.)'
4442  0BE6              ; ============================================
4443  0BE6
4444  0BE6              ;		E'	D'	B'	E	D
4445  0BE6              ; ---------------------------------------------------
4446  0BE6              ;		24 bit mantissa	(MSB)	Exp	Sign
4447  0BE6
4448  0BE6              ;		L'	H'	C'	L	H
4449  0BE6              ; ---------------------------------------------------
4450  0BE6              ;		24 bit mantissa	(MSB)	Exp	Sign
4451  0BE6
4452  0BE6
4453  0BE6              ; signs	A B	- -	- +	+ -	+ +
4454  0BE6              ; |A| > |B|	A < B	A < B	A > B	A > B
4455  0BE6              ; |A| = |B|	A = B	A < B	A > B	A = B
4456  0BE6              ; |A| < |B|	A > B	A < B	A > B	A < B
4457  0BE6
4458  0BE6              ;; FP_COMPARE_2
4459  0BE6              l0be6h:
4460  0BE6 28 0A        	jr z,l0bf2h	;0be6	HL' C' HL == 0
4461  0BE8
4462  0BE8 BB           	cp e		;0be8
4463  0BE9 28 0F        	jr z,l0bfah	;0be9	DE' B' DE == 0
4464  0BEB
4465  0BEB 7C           	ld a,h		;0beb	A = XOR of both sign bits
4466  0BEC AA           	xor d		;0bec	(resets Cf)
4467  0BED
4468  0BED CC 04 0C     	call z,l0c04h	;0bed	Call FP_COMPARE_ABS if signs are equal
4469  0BF0
4470  0BF0              			;	Different signs: Cf = 0, Zf = 0
4471  0BF0
4472  0BF0              			;	Equal signs:				Cf Zf
4473  0BF0              			;		|HL' C' HL| > |DE' B' DE| :	0  0
4474  0BF0              			;		|HL' C' HL| = |DE' B' DE| :	0  1
4475  0BF0              			;		|HL' C' HL| < |DE' B' DE| :	1  0
4476  0BF0
4477  0BF0 18 07        	jr l0bf9h	;0bf0	Jump forward
4478  0BF2
4479  0BF2              l0bf2h:
4480  0BF2 BB           	cp e		;0bf2	Return if both numbers are 0
4481  0BF3 C8           	ret z		;0bf3
4482  0BF4
4483  0BF4              			;	HL' C' HL == 0
4484  0BF4              			;	DE' B' DE != 0
4485  0BF4
4486  0BF4 37           	scf		;0bf4			Cf Zf
4487  0BF5 CB 7A        	bit 7,d		;0bf5	DE' B' DE > 0 :	1  1
4488  0BF7              			;	DE' B' DE < 0 :	1  0
4489  0BF7
4490  0BF7 18 03        	jr l0bfch	;0bf7
4491  0BF9
4492  0BF9              l0bf9h:
4493  0BF9 C8           	ret z		;0bf9	Return if sign, mantissa and exponent are equal
4494  0BFA
4495  0BFA              ; also jumps here if DE' B' DE == 0 (Cf = 0)
4496  0BFA
4497  0BFA              l0bfah:
4498  0BFA              			;			Zf
4499  0BFA CB 7C        	bit 7,h		;0bfa	HL' C' HL > 0 : 1
4500  0BFC              			;	HL' C' HL < 0 :	0
4501  0BFC
4502  0BFC              ; Cf	Zf	Result	Cf	Zf
4503  0BFC              ; ------------------------------------
4504  0BFC              ; 0	0		1	0
4505  0BFC              ; 0	1		0	1
4506  0BFC              ; 1	0		0	0
4507  0BFC              ; 1	1		1	1
4508  0BFC
4509  0BFC              l0bfch:
4510  0BFC 3F           	ccf		;0bfc
4511  0BFD C0           	ret nz		;0bfd 	Return with complemented Cf if Zf = 0
4512  0BFE 3F           	ccf		;0bfe
4513  0BFF
4514  0BFF 1F           	rra		;0bff	A = A | 01h
4515  0C00 37           	scf		;0c00
4516  0C01 CB 17        	rl a		;0c01	Clear Zf
4517  0C03
4518  0C03 C9           	ret		;0c03	Return with original Cf if Zf = 1
4519  0C04
4520  0C04              ; 'COMPARE ABSOLUTE VALUES'
4521  0C04              ; =========================
4522  0C04              ; Compares mantissa and exponent of two floating point numbers.
4523  0C04
4524  0C04              ; Parameters:
4525  0C04              ;	DE' B' DE, HL' C' HL: Floating point numbers to compare
4526  0C04
4527  0C04              ; Returns:
4528  0C04              ;	Cf, Zf: Result of (HL' C' HL - DE' B' DE) comparisson.
4529  0C04
4530  0C04              ;		E'	D'	B'	E	D
4531  0C04              ; ---------------------------------------------------
4532  0C04              ;		24 bit mantissa	(MSB)	Exp	Sign
4533  0C04
4534  0C04              ;		L'	H'	C'	L	H
4535  0C04              ; ---------------------------------------------------
4536  0C04              ;		24 bit mantissa	(MSB)	Exp	Sign
4537  0C04
4538  0C04              ;; FP_COMPARE_ABS
4539  0C04              l0c04h:
4540  0C04 7D           	ld a,l		;0c04	Subtract exponents
4541  0C05 93           	sub e		;0c05
4542  0C06
4543  0C06 28 07        	jr z,l0c0fh	;0c06	Equal exponents: Compare mantissa
4544  0C08
4545  0C08 E2 0D 0C     	jp po,l0c0dh	;0c08	Negate top bit of result on overflow
4546  0C0B ED 44        	neg		;0c0b
4547  0C0D              l0c0dh:
4548  0C0D 07           	rlca		;0c0d	Shift top bit into Cf
4549  0C0E C9           	ret		;0c0e	Return
4550  0C0F
4551  0C0F              l0c0fh:
4552  0C0F D9           	exx		;0c0f
4553  0C10 79           	ld a,c		;0c10	Compare top bytes of mantissa
4554  0C11 B8           	cp b		;0c11
4555  0C12 20 01        	jr nz,l0c15h	;0c12
4556  0C14 D7           	rst 10h		;0c14	Compare lower two bytes if top bytes equal
4557  0C15              			;	(Call CMP_HL_DE)
4558  0C15              l0c15h:
4559  0C15 D9           	exx		;0c15
4560  0C16 C9           	ret		;0c16	Return
4561  0C17
4562  0C17
4563  0C17              ; 'ADD TWO FLOATING POINT NUMBERS (cont.)'
4564  0C17              ; ========================================
4565  0C17              ; Adds number in DE' B' DE to HL' C' HL. HL' C' HL must be larger than
4566  0C17              ; DE' B' DE.
4567  0C17
4568  0C17              ; IX Offset	-5	-4	-3	-2	-1
4569  0C17              ; ---------------------------------------------------
4570  0C17              ;		E'	D'	B'	E	D
4571  0C17              ; ---------------------------------------------------
4572  0C17              ;		24 bit mantissa	(MSB)	Exp	Sign
4573  0C17
4574  0C17              ; IX Offset	-10	-9	-8	-7	-6
4575  0C17              ; ---------------------------------------------------
4576  0C17              ;		L'	H'	C'	L	H
4577  0C17              ; ---------------------------------------------------
4578  0C17              ;		24 bit mantissa	(MSB)	Exp	Sign
4579  0C17
4580  0C17              ;; FP_ADD_DO
4581  0C17              l0c17h:
4582  0C17 7D           	ld a,l		;0c17
4583  0C18 93           	sub e		;0c18	A = L - E
4584  0C19 28 0E        	jr z,l0c29h	;0c19	Jump forward if exponents already equal
4585  0C1B
4586  0C1B FE 18        	cp 24		;0c1b
4587  0C1D D0           	ret nc		;0c1d	If L - E >= 24, return
4588  0C1E              			;	(DE' B' DE is too small to affect HL' C' HL)
4589  0C1E
4590  0C1E              ; Make exponents equal
4591  0C1E
4592  0C1E D9           	exx		;0c1e
4593  0C1F              l0c1fh:
4594  0C1F CB 38        	srl b		;0c1f	Shift mantissa (DE' B') right
4595  0C21 CB 1A        	rr d		;0c21
4596  0C23 CB 1B        	rr e		;0c23
4597  0C25 3D           	dec a		;0c25	Loop A times
4598  0C26 20 F7        	jr nz,l0c1fh	;0c26
4599  0C28
4600  0C28 D9           	exx		;0c28
4601  0C29
4602  0C29              l0c29h:
4603  0C29 1E 00        	ld e,000h	;0c29	Clear
4604  0C2B 7C           	ld a,h		;0c2b	A = XOR both sign bits
4605  0C2C AA           	xor d		;0c2c
4606  0C2D
4607  0C2D FA 46 0C     	jp m,l0c46h	;0c2d	Signs different
4608  0C30
4609  0C30 D9           	exx		;0c30	HL' C' = HL' C' + DE' B'
4610  0C31 19           	add hl,de	;0c31
4611  0C32 79           	ld a,c		;0c32
4612  0C33 88           	adc a,b		;0c33
4613  0C34 4F           	ld c,a		;0c34
4614  0C35              l0c35h:
4615  0C35 30 07        	jr nc,l0c3eh	;0c35	If carry, rotate mantissa right to
4616  0C37 CB 19        	rr c		;0c37	include the carry bit.
4617  0C39 CB 1C        	rr h		;0c39
4618  0C3B CB 1D        	rr l		;0c3b
4619  0C3D 37           	scf		;0c3d	Clear carry flag.
4620  0C3E              l0c3eh:
4621  0C3E D9           	exx		;0c3e
4622  0C3F
4623  0C3F              ; Multiply with Cf and return
4624  0C3F
4625  0C3F              ; 'MULTIPLY FLOATING POINT NUMBER WITH 2^(E+Cf)'
4626  0C3F              ; ==============================================
4627  0C3F              ; Multiplies floating point number in HL' C' HL with 2^(E+Cf)
4628  0C3F
4629  0C3F              ; Parameters:
4630  0C3F              ;	E, Cf: Number to multiply with
4631  0C3F              ;	HL' C' HL: Floating point number
4632  0C3F              ; Return:
4633  0C3F              ;	HL' C' HL: Result
4634  0C3F
4635  0C3F              ;; FP_MUL_EXP
4636  0C3F              l0c3fh:
4637  0C3F 7D           	ld a,l		;0c3f	A = L + E + Cf
4638  0C40 8B           	adc a,e		;0c40
4639  0C41              l0c41h:
4640  0C41 EA 61 0C     	jp pe,l0c61h	;0c41	Jump to CORRECT_EXP_OVERFLOW if exponent
4641  0C44              			;	overflowed...
4642  0C44 6F           	ld l,a		;0c44	...else load A into L and return
4643  0C45 C9           	ret		;0c45
4644  0C46
4645  0C46              l0c46h:
4646  0C46 D9           	exx			;0c46	d9
4647  0C47 ED 52        	sbc hl,de		;0c47	ed 52 	  R
4648  0C49 79           	ld a,c			;0c49	79 	y
4649  0C4A 98           	sbc a,b			;0c4a	98
4650  0C4B 4F           	ld c,a			;0c4b	4f 	O
4651  0C4C
4652  0C4C              ; 'CORRECT EXPONENT'
4653  0C4C              ; ==================
4654  0C4C              ; This function removes any leading zeros in the mantissa and corrects
4655  0C4C              ; the exponent.
4656  0C4C
4657  0C4C              ; It is always called with the C' HL' register set selected.
4658  0C4C
4659  0C4C              ; Parameters:
4660  0C4C              ;	HL C' HL': Input floating point number
4661  0C4C              ; Returns:
4662  0C4C              ;	HL C' HL': Corrected floating point number.
4663  0C4C
4664  0C4C              ;; CORRECT_EXP
4665  0C4C              l0c4ch:
4666  0C4C 06 18        	ld b,018h	;0c4c	Load 24 into B'
4667  0C4E AF           	xor a		;0c4e	Clear A
4668  0C4F
4669  0C4F 0C           	inc c		;0c4f	Set S flag for C'
4670  0C50 0D           	dec c		;0c50
4671  0C51              l0c51h:
4672  0C51 FA 5D 0C     	jp m,l0c5dh	;0c51	Break from loop top bit of C' HL' set
4673  0C54
4674  0C54 3D           	dec a		;0c54	Decrement A
4675  0C55
4676  0C55 29           	add hl,hl	;0c55	Shift C' HL' left
4677  0C56 CB 11        	rl c		;0c56
4678  0C58
4679  0C58 10 F7        	djnz l0c51h	;0c58	Loop
4680  0C5A
4681  0C5A              ; all 24 bits of C' HL' are zero.
4682  0C5A
4683  0C5A              ;; CORRECT_EXP_ZERO
4684  0C5A              l0c5ah:
4685  0C5A 2E 80        	ld l,080h	;0c5a	Set exponent to -128
4686  0C5C C9           	ret		;0c5c	Return
4687  0C5D
4688  0C5D              l0c5dh:
4689  0C5D D9           	exx		;0c5d
4690  0C5E 85           	add a,l		;0c5e	Add L to A
4691  0C5F 18 E0        	jr l0c41h	;0c5f	Check for overflow.
4692  0C61
4693  0C61              ; Negative overflow in the exponent occured.
4694  0C61
4695  0C61              ;; CORRECT_EXP_OVERFLOW
4696  0C61              l0c61h:
4697  0C61 7C           	ld a,h		;0c61
4698  0C62 B7           	or a		;0c62
4699  0C63 F2 58 06     	jp p,l0658h	;0c63	Jump to "HOW?" error if number was positive...
4700  0C66 18 F2        	jr l0c5ah	;0c66	...else jump to CORRECT_EXP_ZERO
4701  0C68
4702  0C68              ; 'FETCH TWO FLOATING POINT NUMBERS FROM STACK'
4703  0C68              ; =============================================
4704  0C68              ; Fetches two floating point number from the top of the arithmetic stack and
4705  0C68              ; stores them HL' C' HL and DE' B' DE registers. Does not decrement IX.
4706  0C68
4707  0C68              ; Returns:
4708  0C68              ;	A: 80h
4709  0C68              ;	DE' B' DE: First floating point number
4710  0C68              ;	HL' C' HL: Second floating point number
4711  0C68              ;	Zf: Set if second number is 0.
4712  0C68
4713  0C68              ; IX Offset	-5	-4	-3	-2	-1
4714  0C68              ; ---------------------------------------------------
4715  0C68              ;		E'	D'	B'	E	D
4716  0C68              ; ---------------------------------------------------
4717  0C68              ;		24 bit mantissa	(MSB)	Exp	Sign
4718  0C68
4719  0C68              ; IX Offset	-10	-9	-8	-7	-6
4720  0C68              ; ---------------------------------------------------
4721  0C68              ;		L'	H'	C'	L	H
4722  0C68              ; ---------------------------------------------------
4723  0C68              ;		24 bit mantissa	(MSB)	Exp	Sign
4724  0C68
4725  0C68              ;; FETCH_TWO_FP
4726  0C68              l0c68h:
4727  0C68 E1           	pop hl			;0c68
4728  0C69 D5           	push de			;0c69	Store DE and HL on stack
4729  0C6A E5           	push hl			;0c6a
4730  0C6B
4731  0C6B DD 56 FF     	ld d,(ix-1)		;0c6b
4732  0C6E DD 5E FE     	ld e,(ix-2)		;0c6e
4733  0C71 DD 66 FA     	ld h,(ix-6)		;0c71
4734  0C74 DD 6E F9     	ld l,(ix-7)		;0c74
4735  0C77 D9           	exx			;0c77
4736  0C78 DD 5E FB     	ld e,(ix-5)		;0c78
4737  0C7B DD 56 FC     	ld d,(ix-4)		;0c7b
4738  0C7E DD 46 FD     	ld b,(ix-3)		;0c7e
4739  0C81              l0c81h:
4740  0C81 DD 6E F6     	ld l,(ix-10)		;0c81
4741  0C84 DD 66 F7     	ld h,(ix-9)		;0c84
4742  0C87 DD 4E F8     	ld c,(ix-8)		;0c87
4743  0C8A D9           	exx			;0c8a
4744  0C8B
4745  0C8B 3E 80        	ld a,080h		;0c8b	Is second number equal to zero?
4746  0C8D BD           	cp l			;0c8d
4747  0C8E
4748  0C8E C9           	ret			;0c8e 	Return
4749  0C8F
4750  0C8F              ; 'RANDOM'
4751  0C8F              ; ========
4752  0C8F              ; "RND" BASIC command.
4753  0C8F              ;
4754  0C8F              ; This pseudo-random number generator pushes a random floating point number
4755  0C8F              ; on the arithmetic stack.
4756  0C8F
4757  0C8F              ;; RND
4758  0C8F              l0c8fh:
4759  0C8F D5           	push de		;0c8f	Save DE on stack
4760  0C90
4761  0C90 D9           	exx		;0c90
4762  0C91
4763  0C91 21 A7 2A     	ld hl,02aa7h	;0c91	Load RND_SEED address into HL'
4764  0C94 E5           	push hl		;0c94	Save HL' on stack
4765  0C95
4766  0C95 5E           	ld e,(hl)	;0c95	Load contents of RND_SEED into DE' B'
4767  0C96 23           	inc hl		;0c96
4768  0C97 56           	ld d,(hl)	;0c97
4769  0C98 23           	inc hl		;0c98
4770  0C99 46           	ld b,(hl)	;0c99
4771  0C9A
4772  0C9A D9           	exx		;0c9a
4773  0C9B
4774  0C9B              			;	Clear HL' C' HL
4775  0C9B
4776  0C9B CD 48 02     	call l0248h	;0c9b	Call CLEAR_CX_HLX_B6
4777  0C9E EF           	rst 28h		;0c9e	Call CLEAR_HL
4778  0C9F
4779  0C9F 0E 03        	ld c,003h	;0c9f	Load 03h into C
4780  0CA1              l0ca1h:
4781  0CA1 06 08        	ld b,008h	;0ca1	Load 8 into B
4782  0CA3 56           	ld d,(hl)	;0ca3	Load (HL) into D
4783  0CA4
4784  0CA4              l0ca4h:
4785  0CA4 D9           	exx		;0ca4
4786  0CA5 29           	add hl,hl	;0ca5	Rotate HL' C' left
4787  0CA6 CB 11        	rl c		;0ca6
4788  0CA8 D9           	exx		;0ca8
4789  0CA9
4790  0CA9 CB 12        	rl d		;0ca9	Rotate D left
4791  0CAB 30 06        	jr nc,l0cb3h	;0cab	Add DE' B' if top bit of D is set...
4792  0CAD
4793  0CAD D9           	exx		;0cad
4794  0CAE 19           	add hl,de	;0cae   HL' C' = HL' C' + DE' B'
4795  0CAF 79           	ld a,c		;0caf
4796  0CB0 88           	adc a,b		;0cb0
4797  0CB1 4F           	ld c,a		;0cb1
4798  0CB2 D9           	exx		;0cb2
4799  0CB3
4800  0CB3              l0cb3h:
4801  0CB3 10 EF        	djnz l0ca4h	;0cb3	Loop 8 times
4802  0CB5
4803  0CB5 23           	inc hl		;0cb5	Increment HL
4804  0CB6
4805  0CB6 0D           	dec c		;0cb6	Decrement C
4806  0CB7 20 E8        	jr nz,l0ca1h	;0cb7	Loop 3 times
4807  0CB9
4808  0CB9 EF           	rst 28h		;0cb9	Call CLEAR_HL
4809  0CBA
4810  0CBA D9           	exx		;0cba
4811  0CBB D1           	pop de		;0cbb	Restore RND_SEED address from stack into DE'
4812  0CBC
4813  0CBC 7D           	ld a,l		;0cbc	L' = L' + 65h
4814  0CBD C6 65        	add a,065h	;0cbd	(RND_SEED) = L'
4815  0CBF 12           	ld (de),a	;0cbf
4816  0CC0 13           	inc de		;0cc0	Increment DE'
4817  0CC1 6F           	ld l,a		;0cc1
4818  0CC2
4819  0CC2 7C           	ld a,h		;0cc2	H' = H' + b0h + Cf
4820  0CC3 CE B0        	adc a,0b0h	;0cc3	(RND_SEED+1) = H'
4821  0CC5 12           	ld (de),a	;0cc5
4822  0CC6 13           	inc de		;0cc6	Increment DE'
4823  0CC7 67           	ld h,a		;0cc7
4824  0CC8
4825  0CC8 79           	ld a,c		;0cc8	C' + 05h + Cf
4826  0CC9 CE 05        	adc a,005h	;0cc9	(RND_SEED+2) = C'
4827  0CCB 12           	ld (de),a	;0ccb
4828  0CCC 4F           	ld c,a		;0ccc
4829  0CCD
4830  0CCD CD 14 09     	call l0914h	;0ccd	Call CORRECT_EXP_ADD_IX_10
4831  0CD0 C3 6D 0B     	jp l0b6dh	;0cd0	Jump to STORE_ARITHM_RET
4832  0CD3
4833  0CD3              ; 'CONVERT STRING TO AN INTEGER'
4834  0CD3              ; ==============================
4835  0CD3              ; Converts string at DE into an integer. String must start with a numeral.
4836  0CD3
4837  0CD3              ; Parameters:
4838  0CD3              ;	DE: Pointer to the string to be converted.
4839  0CD3              ; Returns:
4840  0CD3              ;	HL: Converted integer or 0 on error.
4841  0CD3              ;	Zf: Set on error or clears on success.
4842  0CD3              ;	DE: First character after the converted number.
4843  0CD3
4844  0CD3              ;; STRING_TO_INT
4845  0CD3              l0cd3h:
4846  0CD3 EF           	rst 28h		;0cd3	Call CLEAR_HL
4847  0CD4 CD 05 01     	call l0105h	;0cd4	Call EAT_SPACE
4848  0CD7
4849  0CD7 CD 72 01     	call l0172h	;0cd7	Check if the next character is a number
4850  0CDA              			;	(call CHAR_TO_INT)
4851  0CDA
4852  0CDA 38 07        	jr c,l0ce3h	;0cda	If it's not, jump forward
4853  0CDC
4854  0CDC 1B           	dec de		;0cdc	Decrement DE (step back to character used for
4855  0CDD              			;	CHAR_TO_INT)
4856  0CDD
4857  0CDD              			;	Convert the string at DE to integer in HL.
4858  0CDD
4859  0CDD CD A2 01     	call l01a2h	;0cdd	Call STRING_TO_FP
4860  0CE0 CD 6D 0A     	call l0a6dh	;0ce0	Call FP_TO_INT
4861  0CE3              l0ce3h:
4862  0CE3 7C           	ld a,h		;0ce3	Check if HL contains 0 (either the number
4863  0CE4 B5           	or l		;0ce4	read is 0 or the conversion failed)
4864  0CE5
4865  0CE5 C9           	ret		;0ce5	Return
4866  0CE6
4867  0CE6              ; 'READ A KEY FROM KEYBOARD'
4868  0CE6              ; ==========================
4869  0CE6              ; Waits for a key press on the keyboard and returns the code of the pressed
4870  0CE6              ; key in A (for most keys this means the ASCII code of the character printed
4871  0CE6              ; on the key. Special keys return their own scan code).
4872  0CE6
4873  0CE6              ; A press to the "list" key causes a jump to the LIST function.
4874  0CE6
4875  0CE6              ; A press to the "break" key causes a jump to the BREAK function.
4876  0CE6
4877  0CE6              ; Returns:
4878  0CE6              ;	A: Code of the key pressed
4879  0CE6              ; Destroys:
4880  0CE6              ;	Flags
4881  0CE6
4882  0CE6              ; A key had been seen as released. Key code in A. Address in DE.
4883  0CE6
4884  0CE6              ; Clear the key's position in KEY_DIFF (HL), if this key has been recently
4885  0CE6              ; pressed.
4886  0CE6
4887  0CE6              ;; KEY_RELEASED
4888  0CE6              l0ce6h:
4889  0CE6 BC           	cp h		;0ce6	Compare A with H...
4890  0CE7 20 02        	jr nz,l0cebh	;0ce7	...and jump forward if not equal
4891  0CE9
4892  0CE9 26 00        	ld h,000h	;0ce9	...else reset H
4893  0CEB              l0cebh:
4894  0CEB BD           	cp l		;0ceb	Compare A with L...
4895  0CEC 20 02        	jr nz,l0cf0h	;0cec	...and jump to KEY_READ_NEXT if not equal
4896  0CEE
4897  0CEE 2E 00        	ld l,000h	;0cee	...else reset L
4898  0CF0
4899  0CF0              ; Scan the next key, or start from the beginning if on the last key.
4900  0CF0
4901  0CF0              ;; KEY_READ_NEXT
4902  0CF0              l0cf0h:
4903  0CF0
4904  0CF0 1D           	dec e		;0cf0	Decrement E, move to the next key
4905  0CF1 20 0B        	jr nz,l0cfeh	;0cf1	Jump to KEY_READ if more keys to read
4906  0CF3 18 06        	jr l0cfbh	;0cf3	Jump to KEY_RESTART if on the last key.
4907  0CF5
4908  0CF5              ; Entry point into the function
4909  0CF5
4910  0CF5              ;; KEY
4911  0CF5              l0cf5h:
4912  0CF5 D9           	exx		;0cf5	Save BC, DE and HL registers
4913  0CF6
4914  0CF6 2A A5 2A     	ld hl,(02aa5h)	;0cf6	Load KEY_DIFF into HL
4915  0CF9
4916  0CF9 0E 0E        	ld c,00eh	;0cf9	Load 0eh into C (speed of the "repeat" key)
4917  0CFB
4918  0CFB              ; Restart scanning from the beginning.
4919  0CFB
4920  0CFB              ;; KEY_RESTART
4921  0CFB              l0cfbh:
4922  0CFB 11 34 20     	ld de,02034h	;0cfb	Load 2034h into DE
4923  0CFE              			;	This is the address of the last key on the
4924  0CFE              			;	keyboard except for "shift".
4925  0CFE
4926  0CFE              ;; KEY_READ
4927  0CFE              l0cfeh:
4928  0CFE 1A           	ld a,(de)	;0cfe	Load (DE) into A
4929  0CFF 0F           	rrca		;0cff	Rotate A right through carry flag
4930  0D00 7B           	ld a,e		;0d00	Load E (code of the current key) into A
4931  0D01
4932  0D01 38 E3        	jr c,l0ce6h	;0d01	Jump to KEY_RELEASED if low bit of A is set.
4933  0D03
4934  0D03 FE 32        	cp 032h		;0d03	Compare A with 32h...
4935  0D05 20 08        	jr nz,l0d0fh	;0d05	...and jump to KEY_PRESSED, if not equal
4936  0D07
4937  0D07              ; "rept" key is pressed. This key is special because it causes the last
4938  0D07              ; keypress to be repeated.
4939  0D07
4940  0D07 0D           	dec c		;0d07	Decrement C...
4941  0D08 20 DC        	jr nz,l0ce6h	;0d08	...and jump to KEY_RELEASED if not zero
4942  0D0A
4943  0D0A 3A B4 2B     	ld a,(02bb4h)	;0d0a	Load LAST_KEY into A
4944  0D0D 18 45        	jr l0d54h	;0d0d	Jump to KEY_END
4945  0D0F
4946  0D0F              ; A key had been seen as pressed. Key code in A. Address in DE.
4947  0D0F
4948  0D0F              ;; KEY_PRESSED
4949  0D0F              l0d0fh:
4950  0D0F BC           	cp h		;0d0f	Compare A with H...
4951  0D10 28 DE        	jr z,l0cf0h	;0d10	...and jump to KEY_READ_NEXT if equal
4952  0D12
4953  0D12 BD           	cp l		;0d12	Compare A with L...
4954  0D13 28 DB        	jr z,l0cf0h	;0d13	...and jump to KEY_READ_NEXT if equal
4955  0D15
4956  0D15              ; Wait for 256 cycles for key release (to filter out switch bounces)
4957  0D15
4958  0D15 06 00        	ld b,000h	;0d15	Clear B
4959  0D17              l0d17h:
4960  0D17 D7           	rst 10h		;0d17	Call CMP_HL_DE (pause)
4961  0D18
4962  0D18 1A           	ld a,(de)	;0d18	Load (DE) into A
4963  0D19 0F           	rrca		;0d19	Rotate A right through carry flag...
4964  0D1A 38 CA        	jr c,l0ce6h	;0d1a	...and jump to KEY_RELEASED if carry set.
4965  0D1C
4966  0D1C 10 F9        	djnz l0d17h	;0d1c	Loop 256 times
4967  0D1E
4968  0D1E              ; Fill in an empty position in KEY_DIFF (HL)
4969  0D1E
4970  0D1E 7C           	ld a,h		;0d1e	Load H into A
4971  0D1F B7           	or a		;0d1f	Set Z flag...
4972  0D20 20 03        	jr nz,l0d25h	;0d20	...and jump forward if A not zero
4973  0D22
4974  0D22 63           	ld h,e		;0d22	Load E into H
4975  0D23 18 05        	jr l0d2ah	;0d23	Jump forward
4976  0D25
4977  0D25              l0d25h:
4978  0D25 7D           	ld a,l		;0d25	Load L into A
4979  0D26 B7           	or a		;0d26	Set Z flag...
4980  0D27 20 D5        	jr nz,l0cfeh	;0d27	...and jump to KEY_READ if A not zero
4981  0D29 6B           	ld l,e		;0d29	Load E into L
4982  0D2A
4983  0D2A              ; A valid key press has been detected. Check for special keys, add proper
4984  0D2A              ; ASCII offsets and look keys up in the shift table. DE holds the key's
4985  0D2A              ; memory address.
4986  0D2A
4987  0D2A              ;; KEY_COMPUTE
4988  0D2A              l0d2ah:
4989  0D2A 22 A5 2A     	ld (02aa5h),hl	;0d2a	Load HL into KEY_DIFF
4990  0D2D EF           	rst 28h		;0d2d	Call CLEAR_HL
4991  0D2E 7B           	ld a,e		;0d2e	Load E into A
4992  0D2F
4993  0D2F              ; Check for special keys, that directly invoke functions in the BASIC
4994  0D2F              ; interpreter.
4995  0D2F
4996  0D2F FE 34        	cp 034h		;0d2f	Compare A with 34h ("list" key) and...
4997  0D31 CA 61 04     	jp z,l0461h	;0d31	...jump to LIST_KEY if equal
4998  0D34
4999  0D34 FE 31        	cp 031h		;0d34	Compare A with 31h ("break" key) and...
5000  0D36 CA 05 03     	jp z,l0305h	;0d36	...jump to BREAK if equal
5001  0D39
5002  0D39 FE 1B        	cp 01bh		;0d39	Compare A with 1bh ("up" key).
5003  0D3B 21 35 20     	ld hl,02035h	;0d3b	Load 2035h into HL ("shift" key address)
5004  0D3E 38 19        	jr c,l0d59h	;0d3e	Jump to KEY_END_ALPHA if A less than 1bh
5005  0D40
5006  0D40 FE 1F        	cp 01fh		;0d40	Compare A with 1fh ("space" key address)
5007  0D42 38 10        	jr c,l0d54h	;0d42	Jump to KEY_END if A is less than 1fh
5008  0D44              			;	("up", "down", "left" or "right" keys)
5009  0D44
5010  0D44              ; Code for numerical and symbol keys, that are looked up in KEY_SHIFT_SYM_TABLE
5011  0D44
5012  0D44 D6 1F        	sub 01fh	;0d44	Subtract 1fh from A
5013  0D46 CB 1E        	rr (hl)		;0d46	Rotate (HL) right
5014  0D48              			;	Since HL contains the address of the "shift"
5015  0D48              			;	key, this moves that status of the "shift" key
5016  0D48              			;	into carry flag.
5017  0D48
5018  0D48 17           	rla		;0d48	Rotate A left.
5019  0D49              			;	A = A * 2 + 0 (if shift is pressed)
5020  0D49              			;	A = A * 2 + 1 (if shirt is released)
5021  0D49
5022  0D49 4F           	ld c,a		;0d49	Load A into C
5023  0D4A
5024  0D4A 21 70 0D     	ld hl,l0d70h	;0d4a	Load KEY_SHIFT_SYM_TABLE address into HL
5025  0D4D 09           	add hl,bc	;0d4d	Add BC to HL
5026  0D4E
5027  0D4E              ; This seeds the random generator with the value of the R register after
5028  0D4E              ; some key presses.
5029  0D4E
5030  0D4E ED 5F        	ld a,r		;0d4e	Load R into A
5031  0D50 32 A8 2A     	ld (02aa8h),a	;0d50	Load A into 2nd byte of RND_SEED
5032  0D53
5033  0D53 7E           	ld a,(hl)	;0d53	Load a character from the symbol table into A
5034  0D54
5035  0D54              ; The code of the pressed key is in A. Store in LAST_KEY and return.
5036  0D54
5037  0D54              ;; KEY_END
5038  0D54              l0d54h:
5039  0D54 32 B4 2B     	ld (02bb4h),a	;0d54	Load A into LAST_KEY
5040  0D57 D9           	exx		;0d57	Restore BC, DE and HL registers.
5041  0D58 C9           	ret		;0d58	Return
5042  0D59
5043  0D59              ; Pressed key is a letter. Add proper ASCII offset, check shift mapping in
5044  0D59              ; table and return.
5045  0D59
5046  0D59              ;; KEY_END_ALPHA
5047  0D59              l0d59h:
5048  0D59 C6 40        	add a,040h	;0d59	Add 40h to A (ASCII offset)
5049  0D5B CB 1E        	rr (hl)		;0d5b	Rotate (HL) right...
5050  0D5D              			;	Since HL contains the address of the "shift"
5051  0D5D              			;	key, this moves that status of the "shift" key
5052  0D5D              			;	into carry flag.
5053  0D5D 38 F5        	jr c,l0d54h	;0d5d	...and jump to KEY_END if shift key not pressed.
5054  0D5F
5055  0D5F 21 94 0D     	ld hl,l0d94h	;0d5f	Load KEY_SHIFT_YU_TABLE address into HL
5056  0D62 01 5B 04     	ld bc,l045bh	;0d62	Load 4 into B and 5bh into C
5057  0D65
5058  0D65              ; B holds the length of the KEY_SHIFT_YU_TABLE, C holds the first ASCII code
5059  0D65              ; of the Yugoslavian character set.
5060  0D65
5061  0D65              l0d65h:
5062  0D65 BE           	cp (hl)		;0d65	Compare (HL) with A...
5063  0D66 28 05        	jr z,l0d6dh	;0d66	Jump forward if equal
5064  0D68 23           	inc hl		;0d68	Increment HL
5065  0D69 0C           	inc c		;0d69	Increment C
5066  0D6A 10 F9        	djnz l0d65h	;0d6a	Loop 4 times
5067  0D6C
5068  0D6C              ; If loops ends here, a dummy load instruction is executed. Else value in C
5069  0D6C              ; (a different character) is stored into A
5070  0D6C
5071  0D6C 0E           	db 00eh		;0d6c	These two bytes also form the instruction
5072  0D6D              l0d6dh:
5073  0D6D 79           	ld a,c		;0d6d	"ld c,079h"
5074  0D6E
5075  0D6E 18 E4        	jr l0d54h	;0d6e	Jump to KEY_END
5076  0D70
5077  0D70              ; 'KEYBOARD TABLES'
5078  0D70              ; =================
5079  0D70
5080  0D70              ; This table contains characters, that are obtained by pressing keys with
5081  0D70              ; addresses from 1fh ("space") to 30h ("return").
5082  0D70
5083  0D70              ; The first character in table is obtained by pressing shift-key and the
5084  0D70              ; second is obtained by pressing the key alone.
5085  0D70
5086  0D70              ;; KEY_SHIFT_SYM_TABLE
5087  0D70              l0d70h:
5088  0D70 20 20        	db	' ',	' '	; 1fh
5089  0D72 5F 30        	db	'_',	'0'	; 20h
5090  0D74 21 31        	db	'!',	'1'	; 21h
5091  0D76 22 32        	db	'"',	'2'	; 22h
5092  0D78 23 33        	db	'#',	'3'	; 23h
5093  0D7A 24 34        	db	'$',	'4'	; 24h
5094  0D7C 25 35        	db	'%',	'5'	; 25h
5095  0D7E 26 36        	db	'&',	'6'	; 26h
5096  0D80 BF 37        	db	0bfh,	'7'	; 27h (bfh is block graphics character)
5097  0D82 28 38        	db	'(',	'8'	; 28h
5098  0D84 29 39        	db	')',	'9'	; 29h
5099  0D86 2B 3B        	db	'+',	';'	; 2ah
5100  0D88 2A 3A        	db	'*',	':'	; 2bh
5101  0D8A 3C 2C        	db	'<',	','	; 2ch
5102  0D8C 2D 3D        	db	'-',	'='	; 2dh
5103  0D8E 3E 2E        	db	'>',	'.'	; 2eh
5104  0D90 3F 2F        	db	'?',	'/'	; 2fh
5105  0D92 0D 0D        	db	00dh,	00dh	; 30h (CR)
5106  0D94
5107  0D94              ; This table contains characters, that are mapped to Yugoslavian characters
5108  0D94              ; when the shift-key is pressed.
5109  0D94
5110  0D94              ; It also serves as the KEY_SHIFT_SYM_TABLE entries for "break" and "repeat"
5111  0D94              ; keys, which have special functions and are never looked up here.
5112  0D94
5113  0D94              ;; KEY_SHIFT_YU_TABLE
5114  0D94              l0d94h:
5115  0D94 58           	db	'X' 		; C with caron		31h
5116  0D95 43           	db 	'C'		; C with acute
5117  0D96 5A           	db 	'Z'		; Z with caron		32h
5118  0D97 53           	db	'S'		; S with caron
5119  0D98
5120  0D98              ; KEY_SHIFT_SYM_TABLE entry for the "delete" key
5121  0D98
5122  0D98 0C 00        	db	0ch,	00h	; 33h (clear screen - shift delete, delete)
5123  0D9A
5124  0D9A              ; 'MEM'
5125  0D9A              ; =====
5126  0D9A              ; "MEM" BASIC function
5127  0D9A
5128  0D9A              ;; MEM
5129  0D9A              l0d9ah:
5130  0D9A CD 83 01     	call l0183h	;0d9a	Call FREE_MEM
5131  0D9D
5132  0D9D ED 4B 99 2A  	ld bc,(02a99h)	;0d9d	Subtract array length from
5133  0DA1 ED 42        	sbc hl,bc	;0da1
5134  0DA3
5135  0DA3 18 1A        	jr l0dbfh	;0da3	Jump to INT_TO_FP and return
5136  0DA5
5137  0DA5              ; 'WORD'
5138  0DA5              ; ======
5139  0DA5              ; "WORD" BASIC function
5140  0DA5
5141  0DA5              ;; WORD
5142  0DA5              l0da5h:
5143  0DA5 4E           	ld c,(hl)	;0da5	Load word at (HL) into HL
5144  0DA6 23           	inc hl		;0da6
5145  0DA7 66           	ld h,(hl)	;0da7
5146  0DA8 69           	ld l,c		;0da8
5147  0DA9
5148  0DA9 18 14        	jr l0dbfh	;0da9	Jump to INT_TO_FP and return.
5149  0DAB
5150  0DAB              ; 'KEY'
5151  0DAB              ; =====
5152  0DAB              ; "KEY" BASIC function
5153  0DAB
5154  0DAB              ;; KEY_CMD
5155  0DAB              l0dabh:
5156  0DAB 7C           	ld a,h		;0dab	Check if HL = 0
5157  0DAC B5           	or l		;0dac
5158  0DAD 20 05        	jr nz,l0db4h	;0dad	If HL = 0 (no argument),
5159  0DAF              			;	read which key has been pressed and return
5160  0DAF
5161  0DAF CD F5 0C     	call l0cf5h	;0daf	Call KEY
5162  0DB2 18 06        	jr l0dbah	;0db2	Jump to KEY_CMD_END
5163  0DB4
5164  0DB4              l0db4h:
5165  0DB4 CB EC        	set 5,h		;0db4	HL = HL | 2000h
5166  0DB6
5167  0DB6 7E           	ld a,(hl)	;0db6	Load value from keyboard into A
5168  0DB7 2F           	cpl		;0db7	Complement A
5169  0DB8              l0db8h:
5170  0DB8 E6 01        	and 001h	;0db8	Filter out LSB.
5171  0DBA
5172  0DBA              ;; KEY_CMD_END
5173  0DBA              l0dbah:
5174  0DBA 6F           	ld l,a		;0dba	Move A into L.
5175  0DBB 3E           	db 03eh		;0dbb	Dummy "ld a,nn" (skip next instruction -
5176  0DBC              			;	clear H and jump to INT_TO_FP)
5177  0DBC
5178  0DBC              ; 'BYTE'
5179  0DBC              ; ======
5180  0DBC              ; "BYTE" BASIC function
5181  0DBC
5182  0DBC              ;; BYTE_FUNC
5183  0DBC              l0dbch:
5184  0DBC 6E           	ld l,(hl)	;0dbc	Load byte at (HL) into HL
5185  0DBD 26 00        	ld h,000h	;0dbd
5186  0DBF
5187  0DBF              l0dbfh:
5188  0DBF C3 BC 0A     	jp l0abch	;0dbf	Jump to INT_TO_FP and return.
5189  0DC2
5190  0DC2              ;; EQ
5191  0DC2              l0dc2h:
5192  0DC2 CD FC 05     	call l05fch		;0dc2	cd fc 05
5193  0DC5 E5           	push hl			;0dc5	e5
5194  0DC6 DF           	rst 18h			;0dc6	df
5195  0DC7 2C           	inc l			;0dc7	2c 	,
5196  0DC8 00           	nop			;0dc8	00
5197  0DC9 CD FC 05     	call l05fch		;0dc9	cd fc 05
5198  0DCC C1           	pop bc			;0dcc	c1
5199  0DCD              l0dcdh:
5200  0DCD 0A           	ld a,(bc)			;0dcd	0a
5201  0DCE BE           	cp (hl)			;0dce	be
5202  0DCF 20 0B        	jr nz,l0ddch		;0dcf	20 0b
5203  0DD1 B7           	or a			;0dd1	b7
5204  0DD2 28 07        	jr z,l0ddbh		;0dd2	28 07 	(
5205  0DD4 23           	inc hl			;0dd4	23 	#
5206  0DD5 03           	inc bc			;0dd5	03
5207  0DD6 7D           	ld a,l			;0dd6	7d 	}
5208  0DD7 E6 0F        	and 00fh		;0dd7	e6 0f
5209  0DD9 20 F2        	jr nz,l0dcdh		;0dd9	20 f2
5210  0DDB
5211  0DDB              ; following lines from Diss_010.jpg
5212  0DDB              l0ddbh:
5213  0DDB 3E           	db 03eh			;0ddb
5214  0DDC              l0ddch:
5215  0DDC AF           	xor a			;0ddc	af 	>
5216  0DDD 18 D9        	jr l0db8h		;0ddd	18 d9
5217  0DDF              ;; HEX
5218  0DDF              l0ddfh:
5219  0DDF CD 65 01     	call l0165h	;0ddf	Test the first character
5220  0DE2              			;	(Call HEXCHAR_TO_INT_
5221  0DE2
5222  0DE2 38 14        	jr c,l0df8h	;0de2	Jump to HOW_RST_PUSH_DE if conversion failed
5223  0DE4
5224  0DE4 1B           	dec de		;0de4	Move DE back to the beginning
5225  0DE5
5226  0DE5 EF           	rst 28h		;0de5	Call CLEAR_HL
5227  0DE6
5228  0DE6              ;; HEX_LOOP
5229  0DE6              l0de6h:
5230  0DE6 CD 65 01     	call l0165h	;0de6	Call HEXCHAR_TO_INT
5231  0DE9
5232  0DE9 38 D4        	jr c,l0dbfh	;0de9	Jump to INT_TO_FP and return on end of hex
5233  0DEB              			; 	number (on first non-hex character)
5234  0DEB
5235  0DEB 07           	rlca		;0deb	A = A << 4
5236  0DEC 07           	rlca		;0dec
5237  0DED 07           	rlca		;0ded
5238  0DEE 07           	rlca		;0dee
5239  0DEF
5240  0DEF 01 E6 0D     	ld bc,l0de6h	;0def	Load HEX_LOOP address to the top of the
5241  0DF2 C5           	push bc		;0df2	stack
5242  0DF3
5243  0DF3              ; Shift four bits in A to HL
5244  0DF3
5245  0DF3              l0df3h:
5246  0DF3 06 04        	ld b,004h	;0df3
5247  0DF5              l0df5h:
5248  0DF5 07           	rlca		;0df5	HL A = HL A << 4
5249  0DF6 ED 6A        	adc hl,hl	;0df6
5250  0DF8              l0df8h:
5251  0DF8 DA 5A 06     	jp c,l065ah	;0df8	Jump to HOW_RST_PUSH_DE on overflow
5252  0DFB
5253  0DFB 10 F8        	djnz l0df5h	;0dfb	Loop
5254  0DFD
5255  0DFD C9           	ret		;0dfd	Jump to HEX_LOOP
5256  0DFE
5257  0DFE              ; 'WORD'
5258  0DFE              ; ======
5259  0DFE              ; "WORD" BASIC command.
5260  0DFE
5261  0DFE              l0dfeh:
5262  0DFE F6           	db 0f6h		;0dfe	Dummy "or nn"
5263  0DFF              			;	(skip next instruction, clear Zf)
5264  0DFF
5265  0DFF              ; 'BYTE'
5266  0DFF              ; ======
5267  0DFF              ; "BYTE" BASIC command.
5268  0DFF
5269  0DFF              ;; BYTE
5270  0DFF              l0dffh:
5271  0DFF AF           	xor a		;0dff	Set Zf
5272  0E00 F5           	push af		;0e00	Push flags on sack
5273  0E01
5274  0E01 CF           	rst 8		;0e01	Get address (call EVAL_INT_EXP)
5275  0E02 E5           	push hl		;0e02	Save address on stack.
5276  0E03
5277  0E03 CD 05 00     	call l0005h	;0e03	Get content (call EVAL_INT_EXP_NEXT)
5278  0E06
5279  0E06 E3           	ex (sp),hl	;0e06	HL = address
5280  0E07 C1           	pop bc		;0e07	BC = content
5281  0E08
5282  0E08 71           	ld (hl),c	;0e08	Load lower byte into (HL)
5283  0E09
5284  0E09 F1           	pop af		;0e09	Get flags from stack
5285  0E0A
5286  0E0A 28 02        	jr z,l0e0eh	;0e0a	If Zf not set, store upper byte into (HL+1)
5287  0E0C 23           	inc hl		;0e0c
5288  0E0D 70           	ld (hl),b	;0e0d
5289  0E0E              l0e0eh:
5290  0E0E F7           	rst 30h		;0e0e	f7
5291  0E0F
5292  0E0F              ; 'USR'
5293  0E0F              ; =====
5294  0E0F              ; "USR" BASIC function.
5295  0E0F
5296  0E0F              ;; USR
5297  0E0F              l0e0fh:
5298  0E0F D5           	push de		;0e0f	Save DE pointer on stack
5299  0E10 11 BD 0A     	ld de,l0abdh	;0e10	Load INT_TO_FP_2 address on stack
5300  0E13 D5           	push de		;0e13
5301  0E14 E9           	jp (hl)		;0e14	Jump to user function
5302  0E15              			;	(returns back to INT_TO_FP_2, which pushes
5303  0E15              			;	result to arithmetic stack and restores DE
5304  0E15              			;	pointer)
5305  0E15
5306  0E15              ;; CHR$
5307  0E15              l0e15h:
5308  0E15 B2           	or d			;0e15	b2
5309  0E16 7D           	ld a,l			;0e16	7d 	}
5310  0E17 C9           	ret			;0e17	c9
5311  0E18              ;; FOR
5312  0E18              l0e18h:
5313  0E18 CD 74 09     	call l0974h		;0e18	cd 74 09 	  t
5314  0E1B CD 30 07     	call l0730h		;0e1b	cd 30 07 	  0
5315  0E1E 22 A1 2A     	ld (02aa1h),hl		;0e1e	22 a1 2a 	"   *
5316  0E21 DF           	rst 18h			;0e21	df
5317  0E22 54           	ld d,h			;0e22	54 	T
5318  0E23 B2           	or d			;0e23	b2
5319  0E24 DF           	rst 18h			;0e24	df
5320  0E25 4F           	ld c,a			;0e25	4f 	O
5321  0E26 AF           	xor a			;0e26	af
5322  0E27 CF           	rst 8			;0e27	cf
5323  0E28 22 6E 2A     	ld (02a6eh),hl		;0e28	22 6e 2a 	" n *
5324  0E2B 2E D8        	ld l,0d8h		;0e2b	2e d8 	.
5325  0E2D C3 98 03     	jp l0398h		;0e2d	c3 98 03
5326  0E30
5327  0E30              ; 'SAVE'
5328  0E30              ; ======
5329  0E30              ; "SAVE" BASIC command.
5330  0E30
5331  0E30              ;; SAVE
5332  0E30              l0e30h:
5333  0E30 21 36 2C     	ld hl,02c36h	;0e32 	Load BASIC_START address into HL...
5334  0E33 E5           	push hl		;0e33	...and save it to stack
5335  0E34
5336  0E34 2A 38 2C     	ld hl,(02c38h)	;0e34	Load BASIC_END into HL
5337  0E37
5338  0E37 DF           	rst 18h		;0e37	Call READ_PAR
5339  0E38 0D           	db 00dh		;0e38	ASCII CR
5340  0E39 02           	db l0e3ch-$-1	;0e39
5341  0E3A
5342  0E3A 18 06        	jr l0e42h	;0e3a	There is no parameter on the rest of the line.
5343  0E3C              			;	Jump forward
5344  0E3C
5345  0E3C              ; This looks like the SAVE nnnn,nnnn variant of the command.
5346  0E3C
5347  0E3C              l0e3ch:
5348  0E3C CF           	rst 8		;0e3c	Call EVAL_INT_EXP
5349  0E3D
5350  0E3D E3           	ex (sp),hl	;0e3d	Replace BASIC_START address on the stack with
5351  0E3E              			;	the number from EVAL_INT_EXP
5352  0E3E CD 05 00     	call l0005h	;0e3e	Call EVAL_INT_EXP_NEXT
5353  0E41
5354  0E41 23           	inc hl		;0e41	Replace BASIC_END address in HL with the number
5355  0E42              			;	from EVAL_INT_EXP_NEXT + 1.
5356  0E42
5357  0E42              l0e42h:
5358  0E42 D1           	pop de		;0e42	...restore BASIC_START address into DE
5359  0E43              			;	(address of the first byte of the block to
5360  0E43              			;	save)
5361  0E43
5362  0E43 06 60        	ld b,060h	;0e43	Load 60h into B
5363  0E45 F3           	di		;0e45	Disable interrupts
5364  0E46
5365  0E46              ; Save 96 sync bytes (00h)
5366  0E46
5367  0E46              l0e46h:
5368  0E46 AF           	xor a		;0e46	Clear A
5369  0E47 CD 68 0E     	call l0e68h	;0e47	Call SAVE_BYTE
5370  0E4A 10 FA        	djnz l0e46h	;0e4a	Repeat 96 times
5371  0E4C
5372  0E4C              ; B = 0 and from now on holds the sum of all saved bytes.
5373  0E4C
5374  0E4C              ; Save start byte (a5h)
5375  0E4C
5376  0E4C 3E A5        	ld a,0a5h	;0e4c	Load a5h into A
5377  0E4E CD 68 0E     	call l0e68h	;0e4e	Call SAVE_BYTE
5378  0E51
5379  0E51 CD 62 0E     	call l0e62h	;0e51	Call SAVE_WORD
5380  0E54              			;	Saves DE (start address)
5381  0E54 CD 62 0E     	call l0e62h	;0e54	Call SAVE_WORD
5382  0E57              			;	Saves HL (end address)
5383  0E57
5384  0E57 2B           	dec hl		;0e57	Decrement HL
5385  0E58              			;	(address of the last byte of the block to save)
5386  0E58
5387  0E58              ; Save data (from DE to HL inclusive)
5388  0E58
5389  0E58              l0e58h:
5390  0E58 1A           	ld a,(de)	;0e58	Load byte at (DE) into A
5391  0E59 13           	inc de		;0e59	Increment DE
5392  0E5A CD 68 0E     	call l0e68h	;0e5a	Call SAVE_BYTE
5393  0E5D 30 F9        	jr nc,l0e58h	;0e5d	If DE <= HL then loop
5394  0E5F
5395  0E5F 78           	ld a,b		;0e5f	Load sum into A
5396  0E60 2F           	cpl		;0e60	Complement A (make checksum)
5397  0E61 5F           	ld e,a		;0e61	Load checksum into E
5398  0E62
5399  0E62              ; Save checksum and one garbage byte in D and return.
5400  0E62
5401  0E62              ; 'SAVE WORD'
5402  0E62              ; ===========
5403  0E62              ; This function saves one word (16 bits) to the audio cassette.
5404  0E62
5405  0E62              ; Parameters:
5406  0E62              ;	DE: word to be saved
5407  0E62              ; Returns:
5408  0E62              ;	HL: holds previous contents of DE
5409  0E62              ;	DE: holds previous contents of HL
5410  0E62              ;	B: B + sum of both saved bytes
5411  0E62              ; Destroys:
5412  0E62              ;	A
5413  0E62
5414  0E62              ;; SAVE_WORD
5415  0E62              l0e62h:
5416  0E62 EB           	ex de,hl	;0e62	Exchange contents of DE and HL registers.
5417  0E63 7D           	ld a,l		;0e63	Load L into A
5418  0E64 CD 68 0E     	call l0e68h	;0e64	Call SAVE_BYTE
5419  0E67
5420  0E67 7C           	ld a,h		;0e67	Load H into A
5421  0E68
5422  0E68              ; Save the second byte and return.
5423  0E68
5424  0E68              ; 'SAVE BYTE'
5425  0E68              ; ===========
5426  0E68              ; This function saves one byte to the audio cassette.
5427  0E68
5428  0E68              ; Parameters:
5429  0E68              ;	A: byte to be saved
5430  0E68              ; Returns:
5431  0E68              ;	B: B = B + A
5432  0E68              ;	flags: output of CMP_HL_DE
5433  0E68              ; Destroys:
5434  0E68              ;	A
5435  0E68
5436  0E68              ;; SAVE_BYTE
5437  0E68              l0e68h:
5438  0E68 D9           	exx		;0e68	Exchange BC,DE,HL with BC',DE',HL'
5439  0E69
5440  0E69 0E 10        	ld c,010h	;0e69	Load 16 into C
5441  0E6B 21 38 20     	ld hl,02038h	;0e6b	Load latch address (2038h) into HL
5442  0E6E
5443  0E6E              ;; SAVE_BYTE_LOOP
5444  0E6E              l0e6eh:
5445  0E6E CB 41        	bit 0,c		;0e6e	Test bit 0 of C
5446  0E70 28 05        	jr z,l0e77h	;0e70	If C even, always make an impulse on output...
5447  0E72 0F           	rrca		;0e72	...else rotate A right (stores LSB in C flag)
5448  0E73 06 64        	ld b,064h	;0e73	   load 100 into B
5449  0E75 30 0F        	jr nc,l0e86h	;0e75	   skip impulse if LSB not set
5450  0E77
5451  0E77              l0e77h:
5452  0E77 36 FC        	ld (hl),0fch	;0e77	Set output to high
5453  0E79 06 32        	ld b,032h	;0e79	Load 50 into B
5454  0E7B              l0e7bh:
5455  0E7B 10 FE        	djnz l0e7bh	;0e7b	Wait (approx. 650 T)
5456  0E7D 36 B8        	ld (hl),0b8h	;0e7d	Set output to low
5457  0E7F 06 32        	ld b,032h	;0e7f	Load 50 into B
5458  0E81              l0e81h:
5459  0E81 10 FE        	djnz l0e81h	;0e81	Wait (approx. 650 T)
5460  0E83 36 BC        	ld (hl),0bch	;0e83	Set output to zero
5461  0E85 04           	inc b		;0e85	Load 01h into B
5462  0E86              l0e86h:
5463  0E86 10 FE        	djnz l0e86h	;0e86	Wait (13 or 1300 T, depending whether
5464  0E88              			;	C was even or odd)
5465  0E88              l0e88h:
5466  0E88 10 FE        	djnz l0e88h	;0e88	Wait (approx. 3328 T)
5467  0E8A 0D           	dec c		;0e8a	Decrement C
5468  0E8B 20 E1        	jr nz,l0e6eh	;0e8b	Jump to SAVE_BYTE_LOOP
5469  0E8D
5470  0E8D              			;	BC = 0
5471  0E8D              			;	The following loop waits for 512 cycles
5472  0E8D              l0e8dh:
5473  0E8D 03           	inc bc		;0e8d	Increment BC
5474  0E8E CB 48        	bit 1,b		;0e8e	Test bit 1 of B...
5475  0E90 28 FB        	jr z,l0e8dh	;0e90	... and loop if not set.
5476  0E92
5477  0E92 D9           	exx		;0e92	Exchange BC,DE,HL with BC',DE',HL'
5478  0E93
5479  0E93              ; LOAD_BYTE function jumps here at the end
5480  0E93              l0e93h:
5481  0E93 80           	add a,b		;0e93	Add B to A
5482  0E94 47           	ld b,a		;0e94	B = A + B
5483  0E95 D7           	rst 10h		;0e95	Call CMP_HL_DE
5484  0E96
5485  0E96 C9           	ret		;0e96	Return
5486  0E97
5487  0E97
5488  0E97              ; 'OLD'
5489  0E97              ; =====
5490  0E97              ; "OLD" BASIC command.
5491  0E97
5492  0E97              ; Verifies saved data if there is a '?' character after the command.
5493  0E97
5494  0E97              ;; OLD
5495  0E97              l0e97h:
5496  0E97 DF           	rst 18h		;0e97	Call READ_PAR
5497  0E98 3F           	db '?' 		;0e98
5498  0E99 00           	db l0e9ah-$-1	;0e99	Check for '?' in the argument
5499  0E9A              l0e9ah:
5500  0E9A
5501  0E9A F5           	push af		;0e9a	Push result of READ_PAR.
5502  0E9B
5503  0E9B DF           	rst 18h		;0e9b	Call READ_PAR
5504  0E9C 0D           	db 00dh		;0e9c	ASCII CR
5505  0E9D 02           	db l0ea0h-$-1	;0e9d
5506  0E9E
5507  0E9E EF           	rst 28h		;0e9e	Call CLEAR_HL
5508  0E9F 3E           	db 03eh		;0e9f	Dummy ld a,	(ignores "rst 8" instruction,
5509  0EA0              			;			if there was no parameter)
5510  0EA0              l0ea0h:
5511  0EA0 CF           	rst 8		;0ea0	Read load offset to HL (Call EVAL_INT_EXP)
5512  0EA1
5513  0EA1 E5           	push hl		;0ea1	Store load offset on stack
5514  0EA2
5515  0EA2 F3           	di		;0ea2	Disable interrupts
5516  0EA3
5517  0EA3              ; Wait for the start byte (a5h)
5518  0EA3
5519  0EA3              l0ea3h:
5520  0EA3 CD DD 0E     	call l0eddh	;0ea3	Call LOAD_BYTE
5521  0EA6 79           	ld a,c		;0ea6
5522  0EA7 FE A5        	cp 0a5h		;0ea7	Compare loaded byte with a5h and ...
5523  0EA9 20 F8        	jr nz,l0ea3h	;0ea9	... loop if not equal.
5524  0EAB
5525  0EAB 47           	ld b,a		;0eab	Load a5h into B
5526  0EAC              			;	(value of the first loaded byte, for checksum)
5527  0EAC CD D9 0E     	call l0ed9h	;0eac	Call LOAD_WORD (start address)
5528  0EAF 61           	ld h,c		;0eaf
5529  0EB0
5530  0EB0 D1           	pop de		;0eb0	Fetch load offset from stack and add it
5531  0EB1 D5           	push de		;0eb1	to the start address.
5532  0EB2 19           	add hl,de	;0eb2
5533  0EB3
5534  0EB3 EB           	ex de,hl	;0eb3	DE = start address
5535  0EB4
5536  0EB4 CD D9 0E     	call l0ed9h	;0eb4	Call LOAD_WORD (end address)
5537  0EB7 61           	ld h,c		;0eb7
5538  0EB8
5539  0EB8 2B           	dec hl		;0eb8	Decrement end address
5540  0EB9              			;	HL = address of last byte to load
5541  0EB9
5542  0EB9 78           	ld a,b		;0eb9	Save checksum to A
5543  0EBA
5544  0EBA C1           	pop bc		;0eba	Add load offset
5545  0EBB 09           	add hl,bc	;0ebb
5546  0EBC
5547  0EBC 47           	ld b,a		;0ebc	Restore checksum to B
5548  0EBD
5549  0EBD              l0ebdh:
5550  0EBD EB           	ex de,hl	;0ebd	HL = address of the current byte
5551  0EBE              			;	DE = address of the last byte
5552  0EBE
5553  0EBE CD DD 0E     	call l0eddh	;0ebe	Call LOAD_BYTE
5554  0EC1 08           	ex af,af'	;0ec1	F' holds results of CMP_HL_DE
5555  0EC2
5556  0EC2 79           	ld a,c		;0ec2	Compare loaded byte with (HL) and ...
5557  0EC3 BE           	cp (hl)		;0ec3
5558  0EC4 28 05        	jr z,l0ecbh	;0ec4	... jump forward if equal
5559  0EC6
5560  0EC6 F1           	pop af		;0ec6	Restore flags
5561  0EC7 28 0D        	jr z,l0ed6h	;0ec7	Jump to WHAT_RST if loaded byte not equal
5562  0EC9              			;	to memory byte and verify mode is enabled
5563  0EC9              			;	(Z flag is set by the READ_PAR function).
5564  0EC9 F5           	push af		;0ec9	Save flags
5565  0ECA
5566  0ECA 71           	ld (hl),c	;0eca	Store loaded byte in memory
5567  0ECB
5568  0ECB              l0ecbh:
5569  0ECB 23           	inc hl		;0ecb	Increment HL
5570  0ECC
5571  0ECC EB           	ex de,hl	;0ecc	DE = address of the current byte
5572  0ECD              			;	HL = address of the last byte
5573  0ECD
5574  0ECD 08           	ex af,af'	;0ecd
5575  0ECE 38 ED        	jr c,l0ebdh	;0ece	Loop if current address < last address
5576  0ED0
5577  0ED0 CD DD 0E     	call l0eddh	;0ed0	Call LOAD_BYTE (checksum)
5578  0ED3 F1           	pop af		;0ed3	Remove stored flags from stack
5579  0ED4
5580  0ED4 04           	inc b		;0ed4	Return if B = ffh, else display WHAT? error
5581  0ED5 C8           	ret z		;0ed5
5582  0ED6
5583  0ED6              l0ed6h:
5584  0ED6 C3 8F 07     	jp l078fh	;0ed6	Jump to WHAT_RST
5585  0ED9              			;	Tape loading error
5586  0ED9
5587  0ED9              ; 'LOAD WORD'
5588  0ED9              ; ===========
5589  0ED9              ; Loads one word (16 bits) from the audio cassette. It executes CMP_HL_DE
5590  0ED9              ; function and returns its result in the flag register.
5591  0ED9
5592  0ED9              ; Returns:
5593  0ED9              ;	L: low byte
5594  0ED9              ;	C: high byte
5595  0ED9              ;	B: B = B + sum of both loaded bytes
5596  0ED9              ;	flags: Result of the CMP_HL_DE function.
5597  0ED9
5598  0ED9              ;; LOAD_WORD
5599  0ED9              l0ed9h:
5600  0ED9 CD DD 0E     	call l0eddh	;0ed9	Call LOAD_BYTE
5601  0EDC 69           	ld l,c		;0edc	Save result into L
5602  0EDD
5603  0EDD              ; Continue with another LOAD_BYTE and return
5604  0EDD
5605  0EDD              ; 'LOAD BYTE'
5606  0EDD              ; ===========
5607  0EDD              ; This function loads one byte from the audio cassette.
5608  0EDD
5609  0EDD              ; Returns:
5610  0EDD              ;	C: byte loaded
5611  0EDD              ;	B: B = B + C
5612  0EDD
5613  0EDD              ;; LOAD_BYTE
5614  0EDD              l0eddh:
5615  0EDD D9           	exx		;0edd
5616  0EDE 06 01        	ld b,001h	;0ede	Load 1 into B'
5617  0EE0
5618  0EE0              l0ee0h:
5619  0EE0 3E A7        	ld a,0a7h	;0ee0	Load 167 into A
5620  0EE2
5621  0EE2              ; This block waits for an impulse on the cassette port. If B' = 1 (on first
5622  0EE2              ; iteration), it waits indefinitely. If B' = 0 it waits for A loop iterations.
5623  0EE2
5624  0EE2              ; 49 T * 167 = 8183 T = 2.7ms
5625  0EE2
5626  0EE2              ;; LOAD_WAIT_PULSE
5627  0EE2              l0ee2h:
5628  0EE2 80           	add a,b		;0ee2	4	Add B' to A
5629  0EE3 21 00 20     	ld hl,02000h	;0ee3	10	Load cassette port address into HL'
5630  0EE6 CB 46        	bit 0,(hl)	;0ee6	12	Test bit 0
5631  0EE8 28 07        	jr z,l0ef1h	;0ee8	12,7	If impulse was detected, break loop...
5632  0EEA 3D           	dec a		;0eea	4	...else decrement A and
5633  0EEB 20 F5        	jr nz,l0ee2h	;0eeb	12,7	   loop to LOAD_WAIT_PULSE if not zero
5634  0EED
5635  0EED D9           	exx		;0eed	4
5636  0EEE 79           	ld a,c		;0eee	4	Load C into A
5637  0EEF
5638  0EEF 18 A2        	jr l0e93h	;0eef		B = A + B, compare HL with DE
5639  0EF1              			;		and return from function
5640  0EF1
5641  0EF1              l0ef1h:
5642  0EF1
5643  0EF1              ; Pause for 4369 T = 1.42 ms
5644  0EF1
5645  0EF1 06 DA        	ld b,0dah	;0ef1	7	Load 218 into B'
5646  0EF3              l0ef3h:
5647  0EF3 3E A9        	ld a,0a9h	;0ef3	7	Load a9h into A
5648  0EF5 10 FC        	djnz l0ef3h	;0ef5	13,8	Loop
5649  0EF7
5650  0EF7 06 5A        	ld b,05ah	;0ef7	7	Load 90 into B'
5651  0EF9
5652  0EF9              ; This loop checks if the first pulse is followed by another one in specified
5653  0EF9              ; time interval. It has 90 iterations, each 35 T (11.4us) long. If input is
5654  0EF9              ; low in more than 4 iterations (so that A doesn't overflow), then bit 1 is
5655  0EF9              ; loaded into C. Else bit 0.
5656  0EF9
5657  0EF9              ; This gives a minimum pulse width of 140 T (45 us).
5658  0EF9
5659  0EF9              ;; LOAD_READ_PULSE
5660  0EF9              l0ef9h:
5661  0EF9 4E           	ld c,(hl)	;0ef9	7	Load C' from cassette port
5662  0EFA CB 19        	rr c		;0efa	8	Move bit 0 into carry flag...
5663  0EFC CE 00        	adc a,000h	;0efc	7	...and add it to A
5664  0EFE 10 F9        	djnz l0ef9h	;0efe	13,8	Loop to LOAD_READ_PULSE
5665  0F00
5666  0F00 07           	rlca		;0f00	Rotate A left (MSB into carry flag)
5667  0F01 D9           	exx		;0f01
5668  0F02 CB 19        	rr c		;0f02	Rotate C right (carry flag into MSB)
5669  0F04 D9           	exx		;0f04
5670  0F05
5671  0F05 18 D9        	jr l0ee0h	;0f05	Loop LOAD_WAIT_PULSE (B' = 0)
5672  0F07
5673  0F07              ; **********************************
5674  0F07              ; * BASIC INTERPRETER DATA SECTION *
5675  0F07              ; **********************************
5676  0F07
5677  0F07              ; 'READY STRING'
5678  0F07              ; ==============
5679  0F07              ; Command prompt string, printed when in command line mode.
5680  0F07              ;; READY
5681  0F07              l0f07h:
5682  0F07 40 27        	dm 040h, 027h			;0f07
5683  0F09 52 45 41 44  	dm "READY", 00dh		;0f09
5683  0F0D 59 0D
5684  0F0F
5685  0F0F              ; 'BASIC TABLES'
5686  0F0F              ; ==============
5687  0F0F              ; Following section contains tables for the BASIC interpreter
5688  0F0F              ; (NOTE: complete table must fit into 0fxxh page)
5689  0F0F
5690  0F0F              ; Format of the table is:
5691  0F0F              ;	dm 	"function name"
5692  0F0F              ;	db 	"high byte of function's address" + 80h
5693  0F0F              ;			( + 40h if function takes an integer argument in
5694  0F0F              ;			parenthesis)
5695  0F0F              ;	db 	"low byte of function's address"
5696  0F0F
5697  0F0F              ; A catch-all rule lacks the function name.
5698  0F0F
5699  0F0F              ; 'BASIC COMMAND LINE TABLE'
5700  0F0F              ; ==========================
5701  0F0F              ; These BASIC commands take zero or one integer argument and can only appear
5702  0F0F              ; on the command line.
5703  0F0F
5704  0F0F              ;; BASIC_CMDLINE_TABLE
5705  0F0F              l0f0fh:
5706  0F0F 4C 49 53 54  	dm "LIST"			;0f0f
5707  0F13 84           	db ((l045eh>>8)&00ffh)+80h	;0f13
5708  0F14 5E           	db (l045eh)&00ffh		;0f14
5709  0F15
5710  0F15 52 55 4E     	dm "RUN"			;0f15
5711  0F18 84           	db ((l040bh>>8)&00ffh)+80h	;0f18
5712  0F19 0B           	db (l040bh)&00ffh		;0f19
5713  0F1A
5714  0F1A 4E 45 57     	dm "NEW"			;0f1a
5715  0F1D 83           	db ((l03fch>>8)&00ffh)+80h	;0f1d
5716  0F1E FC           	db (l03fch)&00ffh		;0f1e
5717  0F1F
5718  0F1F 53 41 56 45  	dm "SAVE"			;0f1f
5719  0F23 8E           	db ((l0e30h>>8)&00ffh)+80h	;0f23
5720  0F24 30           	db (l0e30h)&00ffh		;0f24
5721  0F25
5722  0F25 4F 4C 44     	dm "OLD"			;0f25
5723  0F28 8E           	db ((l0e97h>>8)&00ffh)+80h	;0f28
5724  0F29 97           	db (l0e97h)&00ffh		;0f29
5725  0F2A
5726  0F2A 45 44 49 54  	dm "EDIT"			;0f2a
5727  0F2E 82           	db ((l0299h>>8)&00ffh)+80h	;0f2e
5728  0F2F 99           	db (l0299h)&00ffh		;0f2f
5729  0F30
5730  0F30              ; 'BASIC COMMAND TABLE'
5731  0F30              ; =====================
5732  0F30              ; These BASIC commands take zero or one integer argument and jump to
5733  0F30              ; RUN_THIS_LINE routine (or one of interpreter's other entry points) at the
5734  0F30              ; end.
5735  0F30
5736  0F30              ;; BASIC_CMD_TABLE
5737  0F30              l0f30h:
5738  0F30 4E 45 58 54  	dm "NEXT"			;0f30
5739  0F34 85           	db ((l0564h>>8)&00ffh)+80h	;0f34
5740  0F35 64           	db (l0564h)&00ffh		;0f35
5741  0F36
5742  0F36 49 4E 50 55  	dm "INPUT"			;0f36
5742  0F3A 54
5743  0F3B 86           	db ((l066ch>>8)&00ffh)+80h	;0f3b
5744  0F3C 6C           	db (l066ch)&00ffh		;0f3c
5745  0F3D
5746  0F3D 49 46        	dm "IF"				;0f3d
5747  0F3F 84           	db ((l0441h>>8)&00ffh)+80h	;0f3f
5748  0F40 41           	db (l0441h)&00ffh		;0f40
5749  0F41
5750  0F41 47 4F 54 4F  	dm "GOTO"			;0f41
5751  0F45 84           	db ((l0453h>>8)&00ffh)+80h	;0f45
5752  0F46 53           	db (l0453h)&00ffh		;0f46
5753  0F47
5754  0F47 43 41 4C 4C  	dm "CALL"			;0f47
5755  0F4B 84           	db ((l04f4h>>8)&00ffh)+80h	;0f4b
5756  0F4C F4           	db (l04f4h)&00ffh		;0f4c
5757  0F4D
5758  0F4D 55 4E 44 4F  	dm "UNDOT"			;0f4d
5758  0F51 54
5759  0F52 86           	db ((l06cch>>8)&00ffh)+80h	;0f52
5760  0F53 CC           	db (l06cch)&00ffh		;0f53
5761  0F54
5762  0F54 52 45 54     	dm "RET"			;0f54
5763  0F57 85           	db ((l0512h>>8)&00ffh)+80h	;0f57
5764  0F58 12           	db (l0512h)&00ffh		;0f58
5765  0F59
5766  0F59 54 41 4B 45  	dm "TAKE"			;0f59
5767  0F5D 86           	db ((l0626h>>8)&00ffh)+80h	;0f5d
5768  0F5E 26           	db (l0626h)&00ffh		;0f5e
5769  0F5F
5770  0F5F 21           	dm "!"				;0f5f
5771  0F60 84           	db ((l044dh>>8)&00ffh)+80h	;0f60
5772  0F61 4D           	db (l044dh)&00ffh		;0f61
5773  0F62
5774  0F62 23           	dm "#"				;0f62
5775  0F63 84           	db ((l044dh>>8)&00ffh)+80h	;0f63
5776  0F64 4D           	db (l044dh)&00ffh		;0f64
5777  0F65
5778  0F65 46 4F 52     	dm "FOR"			;0f65
5779  0F68 8E           	db ((l0e18h>>8)&00ffh)+80h	;0f68
5780  0F69 18           	db (l0e18h)&00ffh		;0f69
5781  0F6A
5782  0F6A 50 52 49 4E  	dm "PRINT"			;0f69
5782  0F6E 54
5783  0F6F 84           	db ((l0480h>>8)&00ffh)+80h	;0f6f
5784  0F70 80           	db (l0480h)&00ffh		;0f70
5785  0F71
5786  0F71 44 4F 54     	dm "DOT"			;0f71
5787  0F74 86           	db ((l06cfh>>8)&00ffh)+80h	;0f74
5788  0F75 CF           	db (l06cfh)&00ffh		;0f75
5789  0F76
5790  0F76 45 4C 53 45  	dm "ELSE"			;0f76
5791  0F7A 84           	db ((l044dh>>8)&00ffh)+80h	;0f7a
5792  0F7B 4D           	db (l044dh)&00ffh		;0f7b
5793  0F7C
5794  0F7C 42 59 54 45  	dm "BYTE"			;0f7c
5795  0F80 8D           	db ((l0dffh>>8)&00ffh)+80h	;0f80
5796  0F81 FF           	db (l0dffh)&00ffh		;0f81
5797  0F82
5798  0F82 57 4F 52 44  	dm "WORD"			;0f82
5799  0F86 8D           	db ((l0dfeh>>8)&00ffh)+80h	;0f86
5800  0F87 FE           	db (l0dfeh)&00ffh		;0f87
5801  0F88
5802  0F88 41 52 52 24  	dm "ARR$"			;0f88
5803  0F8C C1           	db ((l010bh>>8)&00ffh)+80h+40h	;0f8c
5804  0F8D 0B           	db (l010bh)&00ffh		;0f8d
5805  0F8E
5806  0F8E 53 54 4F 50  	dm "STOP"			;0f8e
5807  0F92 83           	db ((l0317h>>8)&00ffh)+80h	;0f92
5808  0F93 17           	db (l0317h)&00ffh		;0f93
5809  0F94
5810  0F94 48 4F 4D 45  	dm "HOME"			;0f94
5811  0F98 84           	db ((l04d6h>>8)&00ffh)+80h	;0f98
5812  0F99 D6           	db (l04d6h)&00ffh		;0f99
5813  0F9A
5814  0F9A              ; Catch-all rule for BASIC commands.
5815  0F9A
5816  0F9A 87           	db ((l075bh>>8)&00ffh)+80h	;0f9a
5817  0F9B 5B           	db (l075bh)&00ffh		;0f9b
5818  0F9C
5819  0F9C              ; 'BASIC FUNCTION TABLE'
5820  0F9C              ; ======================
5821  0F9C              ; These BASIC functions take zero or one integer arguments and leave a
5822  0F9C              ; floating point value on the arithmetic stack after they return.
5823  0F9C
5824  0F9C              ;; BASIC_FUNC_TABLE
5825  0F9C              l0f9ch:
5826  0F9C 52 4E 44     	dm "RND" 			;0f9c
5827  0F9F 8C           	db ((l0c8fh>>8)&00ffh)+80h	;0f9f
5828  0FA0 8F           	db (l0c8fh)&00ffh		;0fa0
5829  0FA1
5830  0FA1 4D 45 4D     	dm "MEM"			;0fa1
5831  0FA4 8D           	db ((l0d9ah>>8)&00ffh)+80h	;0fa4
5832  0FA5 9A           	db (l0d9ah)&00ffh		;0fa5
5833  0FA6
5834  0FA6 4B 45 59     	dm "KEY" 			;0fa6
5835  0FA9 CD           	db ((l0dabh>>8)&00ffh)+80h+40h	;0fa9
5836  0FAA AB           	db (l0dabh)&00ffh		;0faa
5837  0FAB
5838  0FAB 42 59 54 45  	dm "BYTE"			;0fab
5839  0FAF CD           	db ((l0dbch>>8)&00ffh)+80h+40h	;0faf
5840  0FB0 BC           	db (l0dbch)&00ffh		;0fb0
5841  0FB1
5842  0FB1 57 4F 52 44  	dm "WORD"			;0fb1
5843  0FB5 CD           	db ((l0da5h>>8)&00ffh)+80h+40h	;0fb5
5844  0FB6 A5           	db (l0da5h)&00ffh		;0fb6
5845  0FB7
5846  0FB7 50 54 52     	dm "PTR"			;0fb7
5847  0FBA 87           	db ((l0769h>>8)&00ffh)+80h	;0fba
5848  0FBB 69           	db (l0769h)&00ffh		;0fbb
5849  0FBC
5850  0FBC 56 41 4C     	dm "VAL"			;0fbc
5851  0FBF C7           	db ((l0770h>>8)&00ffh)+80h+40h	;0fbf
5852  0FC0 70           	db (l0770h)&00ffh		;0fc0
5853  0FC1
5854  0FC1 45 51        	dm "EQ"				;0fc1
5855  0FC3 8D           	db ((l0dc2h>>8)&00ffh)+80h	;0fc3
5856  0FC4 C2           	db (l0dc2h)&00ffh		;0fc4
5857  0FC5
5858  0FC5 49 4E 54     	dm "INT"			;0fc5
5859  0FC8 CA           	db ((l0abch>>8)&00ffh)+80h+40h	;0fc8
5860  0FC9 BC           	db (l0abch)&00ffh		;0fc9
5861  0FCA
5862  0FCA 26           	dm "&"				;0fca
5863  0FCB 8D           	db ((l0ddfh>>8)&00ffh)+80h	;0fcb
5864  0FCC DF           	db (l0ddfh)&00ffh		;0fcc
5865  0FCD
5866  0FCD 55 53 52     	dm "USR"			;0fcd
5867  0FD0 CE           	db ((l0e0fh>>8)&00ffh)+80h+40h	;0fd0
5868  0FD1 0F           	db (l0e0fh)&00ffh		;0fd1
5869  0FD2
5870  0FD2 44 4F 54     	dm "DOT"			;0fd2
5871  0FD5 86           	db ((l06dch>>8)&00ffh)+80h	;0fd5
5872  0FD6 DC           	db (l06dch)&00ffh		;0fd6
5873  0FD7
5874  0FD7              ; Catch-all rule for BASIC functions.
5875  0FD7
5876  0FD7 87           	db ((l0777h>>8)&00ffh)+80h	;0fd7
5877  0FD8 77           	db (l0777h)&00ffh		;0fd8
5878  0FD9
5879  0FD9 53 54 45 50  	dm "STEP"			;0fd9
5880  0FDD 85           	db ((l0528h>>8)&00ffh)+80h	;0fdd
5881  0FDE 28           	db (l0528h)&00ffh		;0fde
5882  0FDF
5883  0FDF              ; Catch-all rule
5884  0FDF
5885  0FDF 85           	db ((l052ah>>8)&00ffh)+80h	;0fdf
5886  0FE0 2A           	db (l052ah)&00ffh		;0fe0
5887  0FE1
5888  0FE1              ; 'BASIC "PRINT" COMMAND TABLE'
5889  0FE1              ; =============================
5890  0FE1              ; These BASIC commands can only appear after the "PRINT" command. They
5891  0FE1              ; jump to RUN_THIS_LINE routine (or one of interpreter's other entry points)
5892  0FE1              ; at the end.
5893  0FE1
5894  0FE1              ;; BASIC_PRINT_TABLE
5895  0FE1              l0fe1h:
5896  0FE1
5897  0FE1 41 54        	dm "AT"				;0fe1
5898  0FE3 84           	db ((l04bch>>8)&00ffh)+80h	;0fe3
5899  0FE4 BC           	db (l04bch)&00ffh		;0fe4
5900  0FE5
5901  0FE5 58 24        	dm "X$"				;0fe5
5902  0FE7 84           	db ((l0498h>>8)&00ffh)+80h	;0fe7
5903  0FE8 98           	db (l0498h)&00ffh		;0fe8
5904  0FE9
5905  0FE9 59 24        	dm "Y$"				;0fe9
5906  0FEB 84           	db ((l049bh>>8)&00ffh)+80h	;0feb
5907  0FEC 9B           	db (l049bh)&00ffh		;0fec
5908  0FED
5909  0FED              ; Catch-all rule
5910  0FED
5911  0FED 84           	db ((l048eh>>8)&00ffh)+80h	;0fed
5912  0FEE 8E           	db (l048eh)&00ffh		;0fee
5913  0FEF
5914  0FEF 43 48 52 24  	dm "CHR$"			;0fef
5915  0FF3 CE           	db ((l0e15h>>8)&00ffh)+80h+40h	;0ff3
5916  0FF4 15           	db (l0e15h)&00ffh		;0ff4
5917  0FF5
5918  0FF5              ; Catch-all rule
5919  0FF5
5920  0FF5 86           	db ((l060bh>>8)&00ffh)+80h	;0ff5
5921  0FF6 0B           	db (l060bh)&00ffh		;0ff6
5922  0FF7
5923  0FF7 45 4C 53 45  	dm "ELSE"			;0ff7
5924  0FFB 84           	db ((l041ah>>8)&00ffh)+80h	;0ffb
5925  0FFC 1A           	db (l041ah)&00ffh		;0ffc
5926  0FFD
5927  0FFD              ; Catch-all rule
5928  0FFD
5929  0FFD 88           	db ((l081bh>>8)&00ffh)+80h	;0ffd
5930  0FFE 1B           	db (l081bh)&00ffh		;0ffe
5931  0FFF
5932  0FFF              ; One (!) spare byte
5933  0FFF
5934  0FFF 00           	db 00h				;0fff
5935  1000
5936  1000              	end
# file closed: .//rom_a.asm
